Abierto	Abierto
Acción	Acción
Ademar	Ademar
Aerolíneas	Aerolíneas
Aires	Aires
Alavés	Alavés
Alegre	Alegre
Alfa	Alfa
algo	Algo
Alma	Alma
Alta	Alta
Alternativa	Alternativa
Altos	Altos
Amazonas	Amazonas
Américas	Américas
Andes	Andes
Andina	Andina
Antena	Antena
Antimonopolios	Antimonopolios
Apelación	Apelación
Arena	Arena
Arenas	Arenas
Argentaria	Argentaria
Arias	Arias
Arica	Arica
Armas	Armas
Arroyo	Arroyo
Arsenal	Arsenal
Astros	Astros
Asunción	Asunción
Atlas	Atlas
Atlántico	Atlántico
Atlético	Atlético
Atocha	Atocha
Audiencia	Audiencia
Augusta	Augusta
aunque	Aunque
Aurora	Aurora
Autónoma	Autónoma
Aviación	Aviación
Aznar	Aznar
Azul	Azul
Bacon	Bacon
baix	Baix
Baja	Baja
Bajos	Bajos
Baleares	Baleares
Baloncesto	Baloncesto
Banco	Banco
Banderas	Banderas
Bar	Bar
Barajas	Barajas
Barca	Barca
Barrera	Barrera
Barrichello	Barrichello
Barrios	Barrios
Barros	Barros
Bautista	Bautista
Bella	Bella
Bellas	Bellas
Belén	Belén
Ben	Ben
Blanca	Blanca
Blanco	Blanco
Bob	Bob
Boca	Boca
Bolsa	Bolsa
Bolívar	Bolívar
Bosque	Bosque
Botella	Botella
Boxeo	Boxeo
Bravo	Bravo
Brujas	Brujas
Bárbara	Bárbara
Cb	CB
Cf	CF
con	CON
Cabrera	Cabrera
cada	Cada
Cadena	Cadena
Cafeteros	Cafeteros
Caja	Caja
Calderón	Calderón
Cali	Cali
Calle	Calle
Camacho	Camacho
Camino	Camino
Campos	Campos
Can	Can
Canal	Canal
Canales	Canales
Canaria	Canaria
Canarias	Canarias
Canción	Canción
Cano	Cano
Carrillo	Carrillo
Casado	Casado
Cascos	Cascos
Castro	Castro
Catalana	Catalana
Caucho	Caucho
Cañizares	Cañizares
Celta	Celta
Celular	Celular
Centre	Centre
Cepeda	Cepeda
Cermeño	Cermeño
Cerro	Cerro
Chacón	Chacón
Challenge	Challenge
Charles	Charles
Chihuahua	Chihuahua
Cienciano	Cienciano
City	City
Ciutadella	Ciutadella
Clemente	Clemente
Coca	Coca
Colorado	Colorado
Comando	Comando
Comarcal	Comarcal
Comediants	Comediants
Comercial	Comercial
como	Como
Complutense	Complutense
Compostela	Compostela
Comunicación	Comunicación
Común	Común
con	Con
Concepción	Concepción
Conde	Conde
Confederación	Confederación
Consejería	Consejería
Conselleria	Conselleria
Consumidores	Consumidores
Continental	Continental
Convenio	Convenio
Corbacho	Corbacho
Corrientes	Corrientes
Cortina	Cortina
Cortés	Cortés
Costa	Costa
creer	Creo
Cristo	Cristo
Croata	Croata
Cruz	Cruz
cuando	Cuando
Cubana	Cubana
Cuentas	Cuentas
Cueva	Cueva
Cuevas	Cuevas
Cumbre	Cumbre
cuál	Cuál
cuál	Cuáles
Cándido	Cándido
Cárdenas	Cárdenas
cómo	Cómo
Dc	DC
de	DE
DOS	DOS
Dr	DR
Dan	Dan
deber	Debemos
Declaración	Declaración
del	Del
Delgado	Delgado
Democracia	Democracia
den	Den
Deportivo	Deportivo
des	Des
desde	Desde
Di	Di
Diagonal	Diagonal
Diana	Diana
Dominicana	Dominicana
dr.	Dr.
Duran	Duran
durante	Durante
EFE	EFE
el	EL
en	EN
Efe	Efe
el	El
Electoral	Electoral
Electricidad	Electricidad
él	Ella
Els	Els
Embajada	Embajada
en	En
Enea	Enea
ser	Es
ese	Esa
ese	Ese
ese	Eso
este	Esta
Estadounidense	Estadounidense
estar	Estamos
este	Este
este	Esto
estar	Estoy
Estrada	Estrada
Estudiantes	Estudiantes
Estudios	Estudios
estar	Está
Europea	Europea
Exportadores	Exportadores
FIFA	FIFA
Federación	Federación
Flash	Flash
Flor	Flor
Flora	Flora
Florentino	Florentino
Flores	Flores
Fomento	Fomento
Fox	Fox
Fraga	Fraga
Fraile	Fraile
Francesa	Francesa
Franco	Franco
Franklin	Franklin
Freire	Freire
Frente	Frente
Frutos	Frutos
ser	Fue
Fuego	Fuego
Fútbol	Fútbol
gb	GB
GIL	GIL
Gallego	Gallego
Gamboa	Gamboa
Garzón	Garzón
Gas	Gas
Gescartera	Gescartera
Gil	Gil
Ginebra	Ginebra
Globo	Globo
Gloria	Gloria
Golfo	Golfo
Granda	Granda
Grizzlies	Grizzlies
Guerrero	Guerrero
Guti	Guti
haber	HA
haber	Ha
Habana	Habana
Hall	Hall
hasta	Hasta
Haya	Haya
haber	He
Helen	Helen
Helena	Helena
haber	Hemos
Henry	Henry
Herrera	Herrera
Herrero	Herrero
Hidalgo	Hidalgo
Hidrológico	Hidrológico
Hierro	Hierro
Honda	Honda
Hornos	Hornos
Hoteles	Hoteles
Hoya	Hoya
Hurtado	Hurtado
Hércules	Hércules
I	I
iv	IV
Iberia	Iberia
Iberoamericana	Iberoamericana
Independencia	Independencia
Independiente	Independiente
India	India
Indias	Indias
Inmigración	Inmigración
Instrucción	Instrucción
Inter	Inter
Interamericano	Interamericano
Inversiones	Inversiones
Investigaciones	Investigaciones
Irán	Irán
Jack	Jack
James	James
Jan	Jan
je	Je
Jerez	Jerez
Jersey	Jersey
Jerónimo	Jerónimo
Judicial	Judicial
Jueves	Jueves
Juniors	Juniors
Jurado	Jurado
Kohl	Kohl
l'	L'
el	LA
el	LOS
Lady	Lady
Lagos	Lagos
el	Las
Lasa	Lasa
Latina	Latina
Lee	Lee
Legislativa	Legislativa
Legislativo	Legislativo
Leo	Leo
Letras	Letras
Levante	Levante
Liberación	Liberación
Libertadores	Libertadores
Libre	Libre
Libro	Libro
Liceo	Liceo
Ligas	Ligas
Lisa	Lisa
él	Lo
Lord	Lord
el	Los
Lozano	Lozano
Lucía	Lucía
Luz	Luz
mhz	MHz
MIR	MIR
Mtv	MTV
Macedonia	Macedonia
Magdalena	Magdalena
Magno	Magno
Mancha	Mancha
Manolo	Manolo
Maracas	Maracas
Marco	Marco
Marcos	Marcos
Margarita	Margarita
Marina	Marina
Mariscal	Mariscal
Marta	Marta
Martes	Martes
Mas	Mas
Master	Master
Matutes	Matutes
yo	Me
Medina	Medina
Mediodía	Mediodía
Mediterráneo	Mediterráneo
Mega	Mega
Mercedes	Mercedes
mi	Mi
mientras	Mientras
Milla	Milla
Millonarios	Millonarios
Ministerio	Ministerio
Ministros	Ministros
Miranda	Miranda
Miró	Miró
mi	Mis
Miss	Miss
Monetario	Monetario
Monte	Monte
Monumental	Monumental
Morales	Morales
Moreno	Moreno
Movimiento	Movimiento
Mundo	Mundo
Nh	NH
Nacionalista	Nacionalista
Naciones	Naciones
nada	Nada
nadie	Nadie
Napoleón	Napoleón
Natura	Natura
Navarra	Navarra
Navarro	Navarro
Negra	Negra
Negro	Negro
ni	Ni
Niebla	Niebla
Nieto	Nieto
ninguno	Ninguno
Nobel	Nobel
Noriega	Noriega
Norma	Norma
Norman	Norman
yo	Nos
yo	Nosotros
nuestro	Nuestra
nuevo	Nueva
ONCE	ONCE
Occidente	Occidente
Océano	Océano
Office	Office
Oliva	Oliva
Oreja	Oreja
Organización	Organización
Orlando	Orlando
Ortega	Ortega
Oscar	Oscar
PA	PA
Periódico	PERIODICO
PERIÓDICO	PERIÓDICO
Paco	Paco
Pacífico	Pacífico
Palacios	Palacios
Palma	Palma
Palmas	Palmas
Panamericana	Panamericana
Papa	Papa
para	Para
Pardo	Pardo
París	Paris
Parra	Parra
Pascual	Pascual
Pastor	Pastor
Pastrana	Pastrana
Patricia	Patricia
Patricio	Patricio
Paulo	Paulo
Paz	Paz
País	País
Países	Países
Pepe	Pepe
Peralta	Peralta
Permanente	Permanente
pero	Pero
Petróleo	Petróleo
Pi	Pi
Pilar	Pilar
Pimecsefes	Pimecsefes
Pinto	Pinto
Piqué	Piqué
Pirineo	Pirineo
Planetas	Planetas
Poble	Poble
poder	Podemos
Polo	Polo
Popular	Popular
por	Por
Portillo	Portillo
Porto	Porto
Prieto	Prieto
Primo	Primo
Productores	Productores
Profesional	Profesional
Profesionales	Profesionales
Programa	Programa
Príncipe	Príncipe
Próximo	Próximo
Puebla	Puebla
poder	Puede
Puerta	Puerta
Puerto	Puerto
pues	Pues
Punta	Punta
Pío	Pío
que	QUE
que	Que
Quintana	Quintana
Quito	Quito
quién	Quién
qué	Qué
Radical	Radical
Rally	Rally
Rambla	Rambla
Ramos	Ramos
Rato	Rato
Rayo	Rayo
Raña	Raña
Real	Real
Redondo	Redondo
Regás	Regás
Reino	Reino
Republicana	Republicana
Republicano	Republicano
Reserva	Reserva
Revolucionario	Revolucionario
Reyes	Reyes
Ribera	Ribera
Rica	Rica
Rioja	Rioja
Robles	Robles
Roca	Roca
Rodés	Rodés
Roja	Roja
Rojo	Rojo
Romeo	Romeo
Romero	Romero
Roque	Roque
Ros	Ros
Royal	Royal
Rubio	Rubio
Ruiz-Mateos	Ruiz-Mateos
Rural	Rural
Ríos	Ríos
Rúa	Rúa
él	SE
Salgado	Salgado
Salinas	Salinas
Salta	Salta
santo	San
Sancho	Sancho
Saudí	Saudí
él	Se
Sean	Sean
Sega	Sega
Segura	Segura
según	Según
Serbio	Serbio
Serra	Serra
Serrano	Serrano
ser	Será
ser	Sería
Señora	Señora
Show	Show
si	Si
Siemens	Siemens
Sierra	Sierra
sobre	Sobre
Socialista	Socialista
Solana	Solana
Soledad	Soledad
Soler	Soler
Solidario	Solidario
ser	Somos
ser	Son
Soto	Soto
ser	Soy
Star	Star
su	Su
Sur	Sur
Sábado	Sábado
sí	Sí
sólo	Sólo
TACA	TACA
tcnq	TCNQ
tve-1	TVE-1
Tabasco	Tabasco
Tarragona	Tarragona
Tau	Tau
tú	Te
Tecnología	Tecnología
Tele	Tele
Telecomunicaciones	Telecomunicaciones
Telefónica	Telefónica
Tesoro	Tesoro
the	The
Time	Time
Times	Times
todo	Todos
Toro	Toro
Torre	Torre
Torres	Torres
Tour	Tour
Trinidad	Trinidad
Tráfico	Tráfico
tú	Tú
uno	UN
uno	UNA
Uss	USS
uno	Un
uno	Una
Unida	Unida
Unido	Unido
Universo	Universo
Unió	Unió
Unión	Unión
Uno	Uno
tú	Usted
vii	VII
Valenciana	Valenciana
Valle	Valle
Valores	Valores
Vasco	Vasco
Vaticano	Vaticano
Vega	Vega
Verdes	Verdes
Viagra	Viagra
Victoria	Victoria
Villa	Villa
Villahermosa	Villahermosa
Villar	Villar
Virginia	Virginia
von	Von
Vuelta	Vuelta
Vía	Vía
Wcw	WCW
xiii	XIII
Yanquis	Yanquis
yo	Yo
Youtube	YouTube
Zapatero	Zapatero
Zoo	Zoo
abajo	abajo
abarcar	abarca
abierto	abiertas
abierto	abiertos
abogada	abogada
abrir	abra
abuela	abuela
abuela	abuelas
aburrido	aburrido
accesorio	accesorias
acción	acciones
acoger	acogido
activo	activa
activo	activas
adecuado	adecuada
adecuado	adecuado
adelante	adelante
además	ademas
adentro	adentro
adoptar	adoptado
adverso	adversa
afirmar	afirmado
alejado	alejada
almacén	almacenes
alto	alta
alto	altas
americano	americanas
amplio	amplia
amplio	amplias
Ana	ana
and	and
animado	animados
anticipado	anticipadas
antidroga	antidrogas
antiguo	antigua
antiguo	antiguas
antimisil	antimisiles
apoyado	apoyada
apropiado	apropiado
aproximado	aproximada
aquél	aquél
armado	armadas
armado	armado
arriba	arriba
asesor	asesores
así	asi
aun	aun
aval	avales
avanzado	avanzada
azul	azules
basar	basa
basar	basadas
botón	botones
botánico	botánica
Brasil	brasil
buen	buen
buen	buena
buen	buenas
buen	buenos
buscar	busco
Bush	bush
caber	cabe
campeona	campeona
campeón	campeones
candidata	candidata
chica	chicas
Chávez	chávez
cien	cien
citado	citadas
CiU	ciu
claro	clara
claro	claras
Clinton	clinton
cm	cm
cobrar	cobra
color	colores
cometer	cometa
comer	comido
comisión	comisiones
compartir	comparte
compás	compases
complicado	complicada
comportar	comporta
concesión	concesiones
concreto	concretas
condición	condiciones
conexión	conexiones
conjunto	conjunta
yo	conmigo
consecutivo	consecutiva
consecutivo	consecutivas
conselleria	conselleria
conservar	conserva
considerar	considerando
él	consigo
consultado	consultados
contento	contenta
tú	contigo
continuo	continuas
control	controles
controvertido	controvertida
convencido	convencido
corralito	corralito
correr	corrido
corto	cortas
corte	cortes
creer	creo
cristiano	cristiana
cuadrado	cuadrada
cuarto	cuarta
costar	cuesta
cuestión	cuestiones
cómodo	cómoda
d'	d'
datar	data
deber	debe
deber	debes
defensivo	defensiva
definido	definidas
dejar	deja
dejar	deje
dentro	dentro
despertar	despierta
después	despues
destacado	destacada
determinado	determinadas
determinado	determinados
día	dia
día	dias
dicho	dichas
diferenciado	diferenciado
digno	digna
decir	dije
dimensión	dimensiones
dioso	diosa
diputada	diputada
dirección	direcciones
discográfico	discográfica
dispuesto	dispuesta
divertido	divertida
divertido	divertido
divino	divina
dramático	dramática
duquesa	duquesa
EDF	edf
electrónico	electrónica
elevado	elevadas
elegir	elige
elegir	eligió
él	ello
emoción	emociones
encantado	encantados
encima	encima
Endesa	endesa
enterar	enterado
entero	enteras
entrevista	entrevista
enviar	enviados
ser	eres
escritora	escritora
español	española
español	españolas
español	españoles
esperado	esperada
esposa	esposa
esposa	esposas
este	esta
estación	estaciones
estar	estado
este	estas
estrecho	estrechas
estrenar	estrena
et	et
etc.	etc.
excepción	excepciones
exclusivo	exclusivas
expedición	expediciones
explosión	explosiones
externo	externa
extremo	extrema
extremo	extremas
fallido	fallido
falso	falsa
falso	falsas
federado	federado
financiero	financiera
financiero	financieras
fin	fines
Fischer	fischer
for	for
Francisco	francisco
frustrado	frustrado
fruta	fruta
ser	fue
ser	fui
funcionaria	funcionaria
función	funciones
físico	físicas
García	garcía
Gaspart	gaspart
generalizado	generalizada
George	george
Germán	germán
gestión	gestiones
gobernar	gobierna
granulado	granulados
gráfico	gráfica
guión	guion
habitante	hab
habitante	hab.
hacer	haciendo
haber	haya
haber	hemos
hermana	hermana
hermana	hermanas
hija	hija
hija	hijas
histórico	históricos
humano	humana
humano	humanas
Itunes	iTunes
Ibarretxe	ibarretxe
igualado	igualado
igual	iguales
ilusión	ilusiones
in	in
infección	infecciones
infracción	infracciones
intenso	intensa
interés	intereses
interno	interna
Irureta	irureta
Joan	joan
John	john
Jordi	jordi
Josep	josep
judío	judía
jugadora	jugadoras
junto	juntas
justo	justa
kg	kg
labor	labores
largo	larga
largo	largas
latino	latina
legítimo	legítima
lesión	lesiones
limpio	limpia
liofilizado	liofilizado
llegado	llegados
lleno	llenas
luz	luces
Luis	luis
maduro	madura
mal	mala
mal	malas
Maragall	maragall
marcado	marcada
marino	marinas
matemático	matemáticas
matiz	matices
mecánico	mecánica
mediano	mediana
mediano	medianas
mejor	mejores
mero	mera
mes	meses
Miguel	miguel
ministra	ministra
misión	misiones
mm	mm
montar	montado
muchacha	muchacha
muchísimo	muchísimo
yo	mí
mínimo	mínima
mínimo	mínimas
nieta	nieta
ninguno	ningun
nivel	niveles
niña	niña
yo	nos
yo	nosotros
noveno	novena
novia	novia
nuevo	nueva
nuevo	nuevas
obstante	obstante
ocasión	ocasiones
octavo	octava
of	of
ofensivo	ofensivas
on	on
operadora	operadoras
ordenar	ordenadas
tú	os
pa	pa
pagina	pagina
paralelo	paralela
paralelo	paralelas
parecido	parecida
par	pares
pasar	pasa
pasado	pasada
pez	peces
Pedro	pedro
pensión	pensiones
per	per
perfil	perfiles
pesar	pesa
pesado	pesada
petición	peticiones
pensar	pienso
plano	plana
poder	podamos
poder	podéis
posesión	posesiones
posición	posiciones
positivo	positiva
positivo	positivas
president	president
presidenta	presidenta
pesidir	presidió
presión	presiones
previsión	previsiones
primero	primera
primero	primeras
profundo	profunda
profundo	profundas
prohibido	prohibida
promoción	promociones
proporción	proporciones
provocado	provocados
pudir	pudiese
quitar	quita
quizás	quizás
químico	químicas
ración	raciones
razón	razones
reacción	reacciones
recibir	recibí
red	redes
reforzado	reforzada
reiterado	reiteradas
relación	relaciones
remontar	remonta
resultar	resulta
resultar	resultando
revelar	revelado
revés	reveses
revista	revista
rodear	rodea
Rominger	rominger
ruina	ruinas
rumor	rumores
Rusia	rusia
saca	sacas
sala	salas
salir	salen
santo	san
sanción	sanciones
satisfecho	satisfecho
ser	sea
sección	secciones
secreto	secretas
secuencia	secuencias
seguido	seguidos
segundo	segundas
selección	selecciones
sendos	sendas
sentencia	sentencias
ser	sera
serio	serias
sesión	sesiones
sexto	sexta
señal	señales
señora	señora
sentir	siente
sentir	sienten
sentir	sientes
sentir	siento
sistemático	sistemática
solo	sola
solución	soluciones
sombra	sombras
ser	son
Sony	sony
sospecha	sospechas
subasta	subastas
subrayar	subrayado
subsidiario	subsidiaria
subvención	subvenciones
supergallos	supergallos
supuesto	supuestas
sustancia	sustancias
saber	sé
él	sí
sólo	sólo
tal	tales
tapa	tapas
tarifa	tarifas
tasa	tasas
tener	tenia
tensión	tensiones
tertulia	tertulias
the	the
tú	ti
to	to
tortura	torturas
transacción	transacciones
trasero	trasera
tratar	trata
traza	trazas
tren	trenes
tumba	tumbas
tía	tía
UGT	ugt
uno	unas
tú	usted
tú	ustedes
vacaciones	vacaciones
vaca	vacas
valer	vale
valor	valores
variado	variada
variado	variadas
varios	varias
ir	vas
ir	vaya
ver	ve
vela	velas
vener	vendría
venta	ventas
ver	veremos
versión	versiones
ver	vería
vicepresidenta	vicepresidenta
viceprimer	viceprimer
vídeo	video
vídeo	videos
violar	violado
violento	violenta
violento	violentas
visita	visitas
viuda	viuda
vivo	vivas
vivir	vive
vivir	viven
volver	volveremos
volver	volvería
von	von
tú	vosotros
Ángeles	Ángeles
él	Él
óptimo	óptimo
