آتشفشان	آتشفشان
اثر	آثاری
احد	آحاد
آخرین	آخرین
آدم	آدمهای
آدمی	آدمیان
رأی	آرا
رأی	آرای
آرزو	آرزوهای
آرمان	آرمانهای
آزمایش	آزمایش‌های
آستانه	آستانهٔ
آسیا	آسیای
آسیب	آسیب‌های
آغازین	آغازین
آفرید	آفرید
آقا	آقایان
آماده	آمادهٔ
آمد	آمده‌ام
آمد	آمده‌اند
آمد	آمده‌ایم
آمریکا	آمریکای
آمریکایی	آمریکایی‌ها
آنان	آنانی
آنجا	آنجایی
آنرا	آنرا
آنفلوانزا	آنفلوانزای
آنها	آنهایی
آواره	آوارگان
آورد	آوردم
آورد	آورده‌ام
آورد	آورده‌اند
آورد	آورده‌اید
آورد	آورده‌ایم
آورد	آوردید
آورد	آوردیم
آورد	آورند
آورد	آورید
آیه	آیاتی
آمد	آید
آینده	آیندهٔ
آینده	آینده‌
آیندگان	آیندگان
آینه	آینهٔ
آیه	آیهٔ
آیه	آیه‌ای
آیین	آیین
آیینه	آیینهٔ
امام	ائمهٔ
ابتدایی	ابتدایی
ابر	ابرهای
ابزار	ابزارهای
ابهام	ابهامات
اتحادیه	اتحادیهٔ
اثر	اثرات
اجاره	اجارهٔ
اجازه	اجازهٔ
حزب	احزاب
حال	احوال
حکم	احکام
احیاناً	احیاناً
احیا	احیای
اخترشناس	اخترشناسان
اداره	ادارهٔ
ادامه	ادامهٔ
ادعا	ادعاهای
ارائه	ارائهٔ
اراده	ارادهٔ
ارتقا	ارتقای
اردو	اردوی
ارزش	ارزشها
ارزش	ارزشهای
ارزش	ارزش‌ها
ارزش	ارزش‌های
ارزنده	ارزنده‌ای
ارزی	ارزی
ازا	ازای
اساساً	اساساً
اسب	اسب‌های
استاندارد	استانداردهای
استان	استان‌های
استعفا	استعفای
استفاده	استفادهٔ
استیلا	استیلای
اسیر	اسرا
اسیر	اسرای
اشارت	اشارت
شخص	اشخاص
شخص	اشخاصی
اشغالگر	اشغالگران
اشک	اشک‌های
شی	اشیا
اصلاً	اصلا
اصلاح‌طلب	اصلاح‌طلبان
اصولگرا	اصولگرایان
طفل	اطفال
اطلاعیه	اطلاعیه‌های
اعتبار	اعتبارات
عرب	اعراب
عضو	اعضاء
افتاد	افتادم
افتخار	افتخارات
افزود	افزودند
افشار	افشار
افغان	افغان‌ها
افکند	افکند
افکند	افکنده
اقامه	اقامهٔ
قسم	اقسام
لطف	الطاف
الگو	الگوهای
الگو	الگوهایی
من	ام
امارات	امارات
امام	امامان
امنیتی	امنیتی
امر	اموری
امپراطوری	امپراطوری
میل	امیال
امیدواری	امیدواری
آن	ان
نبی	انبیا
انتخابات	انتخابات
انتقاد	انتقادات
انجامید	انجامید
انجمن	انجمن‌های
انحراف	انحرافات
انحرافی	انحرافی
هست	اند
انداخت	انداخته‌اند
اندازه	اندازهٔ
اندر	اندر
اندوخته	اندوخته
اندیشمند	اندیشمندان
اندیشه	اندیشهٔ
اندیشید	اندیشید
انسان	انسان‌هایی
انفجار	انفجارهای
انگار	انگار
اهدا	اهدای
او	او
ولد	اولاد
اولاً	اولاً
اول	اولش
ولی	اولیای
اولیه	اولیهٔ
اگر‌چه	اگر‌چه
اگه	اگه
ایثارگر	ایثارگران
ایده	ایدهٔ
ایده	ایده‌های
ایراد	ایرادی
ایستاد	ایستاد
ایستاد	ایستاده‌اند
ایفا	ایفای
اینجانب	اینجانب
اینگونه	اینگونه
این	این‌ها
به	ب
باجه	باجه‌های
باخت	باخت
بود	باد
خواست	بازخواهد
خواست	بازخواهم
خواست	بازخواهند
بازدیدکننده	بازدیدکنندگان
بازی	بازیهای
بازیکن	بازیکنی
بود	باش
بود	باشد
بود	باشم
بود	باشند
بود	باشه
بود	باشی
بود	باشید
بود	باشیم
باغچه	باغچهٔ
بافت	بافت‌های
بالأخره	بالأخره
باند	باند
بانک	بانک‌های
باور	باورهای
بایست	باید
ایستاد	بایستد
بایست	بایستی
ایستاد	بایستید
بخشید	ببخش
بخشید	ببخشد
بخشید	ببخشید
برد	ببرید
بست	ببندیم
دید	ببین
دید	ببیند
دید	ببینم
دید	ببینند
دید	ببینید
دید	ببینیم
توانست	بتواند
توانست	بتوانم
توانست	بتوانند
توانست	بتوانید
توانست	بتوانیم
جست	بجویید
بحث	بحث‌های
خرید	بخرد
بخش	بخشهای
بخش	بخشهایی
بخش	بخشی
بخشید	بخشید
بخشید	بخشیده
خواند	بخوان
خواند	بخواند
خواند	بخوانند
خواند	بخوانید
خواست	بخواهد
خواست	بخواهم
خواست	بخواهند
خواست	بخواهید
خواست	بخواهیم
خورد	بخورد
خورد	بخورم
خورد	بخورند
خورد	بخورید
خورد	بخوریم
به	بد
داشت	بدار
داشت	بدارد
داشت	بدارند
داشت	بدارید
داشت	بداریم
دانست	بداند
دانست	بدانند
دانست	بدانید
دانست	بدانیم
بدنه	بدنهٔ
بدنی	بدنی
داد	بده
داد	بدهد
داد	بدهم
داد	بدهند
داد	بدهید
داد	بدهیم
بدهی	بدهی‌های
بدین	بدین
بدی	بدی‌ها
آشفت	برآشفته
آمد	برآمد
برا	برا
برانداز	برانداز
براندازی	براندازی
برتر	برتر
برجسته	برجستهٔ
خواست	برخواهد
خواست	برخواهم
خواست	برخواهند
خواست	برخواهی
برخورد	برخوردهای
برخی	برخی‌ها
داشت	بردارد
داشت	برداشتند
برد	بردم
برد	برده‌اند
بررسی	بررسی‌های
رسید	برسد
رسید	برسم
رسید	برسند
رسید	برسیم
داشت	برمی‌دارد
گشت	برمی‌گردیم
برنامه	برنامهٔ
برنامه	برنامه‌هایی
برنده	برندهٔ
برهان	برهان
رفت	برو
رفت	برود
رفت	بروم
رفت	بروند
رفت	بروی
رفت	بروید
برکت	برکات
گرداند	برگرداند
گردانید	برگردانیده
گشت	برگشتم
ریخت	بریزید
بزرگ	بزرگان
بزرگ	بزرگانی
بزرگسال	بزرگسالان
زد	بزن
زد	بزند
زد	بزنم
زد	بزنند
زد	بزنی
زد	بزنید
زد	بزنیم
ساخت	بسازد
ساخت	بسازید
ساخت	بسازیم
بسان	بسان
بست	بستم
بسته	بستهٔ
بسیاری	بسیاری
بسیجی	بسیجیان
بشار	بشار
شناخت	بشناسد
شناخت	بشناسند
شناخت	بشناسیم
شنید	بشنود
شنید	بشنوند
شنید	بشنویم
کرد	بشود
شد	بشوم
شد	بشوند
شد	بشویم
شکست	بشکند
بعداً	بعداً
بعضی	بعضی‌ها
فرستاد	بفرستید
فرمود	بفرمایید
فهمید	بفهمد
فهمید	بفهمند
بقیه	بقیهٔ
ماند	بماند
ماند	بمانید
مرد	بمیرم
بنا	بناهای
بنده	بندهٔ
بنده	بنده‌ای
نشست	بنشیند
نشست	بنشینند
نشست	بنشینید
نشست	بنشینیم
نهاد	بنهند
نوشت	بنویسد
نوشت	بنویسم
نوشت	بنویسید
بهانه	بهانهٔ
بهانه	بهانه‌های
به‌جز	به‌جز
به‌خصوص	به‌خصوص
بودجه	بودجهٔ
بود	بوده‌ام
بود	بوده‌اند
بود	بوده‌ایم
بود	بودی
بود	بودید
بود	بودیم
ورزید	بورزد
ورزید	بورزند
ورزید	بورزید
بوسید	بوسید
پذیرفت	بپذیرد
پذیرفت	بپذیرند
پرداخت	بپردازد
پرداخت	بپردازند
بچه	بچه‌
کشید	بکش
کرد	بکن
کرد	بکند
کرد	بکنم
کرد	بکنند
کرد	بکنی
کرد	بکنید
کرد	بکنیم
گذاشت	بگذارید
گذاشت	بگذاریم
گذشت	بگذرد
گذشت	بگذریم
گشود	بگشایند
گفت	بگو
گفت	بگوید
گفت	بگویم
گفت	بگویند
گفت	بگویی
گفت	بگویید
گفت	بگوییم
گرفت	بگیر
گرفت	بگیرد
گرفت	بگیرم
گرفت	بگیرند
گرفت	بگیری
گرفت	بگیرید
گرفت	بگیریم
آمد	بیا
بیان	بیانات
انداخت	بیاندازد
بیانیه	بیانیهٔ
بیانیه	بیانیه‌ای
آورد	بیاورد
آورد	بیاورم
آورد	بیاورند
آورد	بیاورید
آورد	بیاوریم
آمد	بیاید
آمد	بیایند
آمد	بیایی
آمد	بیایید
آمد	بیاییم
افتاد	بیفتد
بیمار	بیمارانی
بیماری	بیماریهای
بیماری	بیماری‌هایی
انداخت	بیندازند
انداخت	بیندازید
اندیشید	بیندیشد
بیننده	بیننده
بیننده	بینندگان
بی‌آنکه	بی‌آنکه
تاب	تاب
تاخت	تاخت
تازه	تازهٔ
شما	تان
تبعات	تبعات
تجربه	تجربهٔ
تجربه	تجربه‌های
تجهیزات	تجهیزات
تحریم	تحریم‌های
تخته	تختهٔ
تخلف	تخلفات
تخم	تخم‌های
تذکره	تذکرهٔ
تذکره	تذکره‌ها
ترانه	ترانه‌های
تردید	تردیدها
تشکل	تشکل‌ها
تشکل	تشکل‌های
تصویر	تصاویری
تظاهرکننده	تظاهرکنندگان
تعزیه	تعزیه
تغییر	تغییراتی
تفکر	تفکرات
تفکر	تفکری
تقوی	تقوی
تلاش	تلاش‌های
تلفن	تلفن‌های
تماشاگر	تماشاگران
تمام	تمامی
تنفسی	تنفسی
تنهایی	تنهایی‌
تنید	تنیده
تهیه	تهیهٔ
توانایی	توانایی‌های
توانست	توانسته‌اند
توانست	توانستیم
توانمندی	توانمندی‌های
توسعه	توسعهٔ
توفان	توفان
تولیدکننده	تولیدکنندگان
تولیدی	تولیدی
توی	توی
تپه	تپهٔ
تپید	تپیده
تکنیک	تکنیک‌های
تکه	تکهٔ
تیر	تیرهای
تیم	تیم‌ها
تیم	تیم‌های
ثانیاً	ثانیاً
جابجایی	جابجایی
جاده	جادهٔ
جاده	جاده‌ها
جادوگری	جادوگری
جارو	جارو
جامعه	جامعهٔ
جامه	جامهٔ
جانباز	جانبازان
جاویدان	جاویدان
جایزه	جایزهٔ
جایگاه	جایگاهی
جبهه	جبههٔ
جبهه	جبهه‌های
جدا	جدای
جرم	جرائم
جزیره	جزیرهٔ
جست	جسته
جشنواره	جشنوارهٔ
جلسه	جلسهٔ
جماعت	جماعتی
جمعاً	جمعاً
جمهوری	جمهوری‌های
جنابعالی	جنابعالی
جناح	جناحها
جناح	جناحهای
جناح	جناح‌ها
جناح	جناح‌های
جنازه	جنازهٔ
جنبه	جنبهٔ
جنبه	جنبه‌های
جنگنده	جنگنده‌های
حادثه	حادثهٔ
حاشیه	حاشیهٔ
حافظه	حافظهٔ
حامی	حامیان
حتماً	حتماً
حدود	حدود
حرف	حرفهای
حرفه‌ای	حرفه‌ای
حرکت	حرکت‌های
حریف	حریفان
حزبی	حزبی
حساب	حساب‌های
حساسیت	حساسیت‌های
حسینیه	حسینیهٔ
حضرتعالی	حضرتعالی
حق	حقی
حلقه	حلقهٔ
حلقه	حلقه‌های
حماسه	حماسهٔ
حمله	حملهٔ
حوزه	حوزهٔ
حوزه	حوزه‌های
حوصله	حوصلهٔ
حوصله	حوصله‌
حکم	حکمی
حیطه	حیطهٔ
خارجه	خارجهٔ
خاست	خاست
خاطره	خاطرهٔ
خاطره	خاطره‌های
خانم	خانمی
خانه	خانه‌
خانواده	خانوادهٔ
خانواده	خانواده‌
خانواده	خانواده‌ای
خبرگزاری	خبرگزاری‌ها
خرافه	خرافات
خرید	خریده
خسارت	خسارات
خسته	خسته‌
خطبه	خطبهٔ
خطبه	خطبه‌های
خلیفه	خلفای
خلیفه	خلیفهٔ
خلیل	خلیل
خنده	خندهٔ
خندید	خندید
خوابانید	خوابانیدم
خواست	خواستم
خواست	خواستند
خواست	خواسته‌اند
خواسته	خواسته‌ها
خواسته	خواسته‌های
خواست	خواستی
خواست	خواستید
خواست	خواست‌های
خواند	خواندم
خواند	خواندند
خواند	خوانده‌ام
خواند	خوانده‌اند
خواند	خواندیم
خواننده	خوانندهٔ
خواست	خواهد
خواست	خواهم
خواست	خواهند
خواست	خواهی
خواست	خواهید
خواست	خواهیم
خودرو	خودروهایی
خورد	خوردم
خورد	خورده‌ام
خورد	خورده‌اند
خورد	خوردیم
خوشحالی	خوشحالی
خویشتن	خویشتن
خیمه	خیمهٔ
داد	داده‌ام
داد	داده‌اند
داد	داده‌اید
داد	داده‌ایم
داده	داده‌های
داده	دادگان
دارایی	دارایی‌های
داشت	دارد
داشت	دارم
داشت	دارند
دارو	داروی
داشت	داری
داشت	دارید
داشت	داریم
داشت	داشته‌ام
داشت	داشته‌اند
داشت	داشته‌اید
داشت	داشته‌ایم
داشت	داشتیم
دامنه	دامنهٔ
آن	دان
دانست	دانست
دانست	دانستند
دانست	دانسته‌اند
دانشور	دانشوران
دانشکده	دانشکدهٔ
دانشگاه	دانشگاه‌ها
دانشگاه	دانشگاه‌های
دانش‌آموز	دانش‌آموزان
دانه	دانهٔ
دانه	دانه‌های
دایره	دایرهٔ
دبیرخانه	دبیرخانهٔ
آورد	درآورد
آورد	درآوردند
آورد	درآورند
آمد	درآید
درباره	دربارهٔٔ
درباره	درباره‌
آمد	دربیاید
درجه	درجهٔ
درخت	درختانی
خواست	درخواهد
خواست	درخواهند
خواست	درخواهیم
رفت	دررفته
درستکار	درستکار
درس	درس‌های
آمد	درمی‌آمد
آورد	درمی‌آورد
آمد	درمی‌آید
دروازه	دروازهٔ
درواقع	درواقع
دریاچه	دریاچهٔ
در‌نتیجه	در‌نتیجه
دزد	دزدان
دست	دستهای
دسته	دستهٔ
دستگاه	دستگاه‌های
دست‌اندرکار	دست‌اندرکاران
دعا	دعاهای
دعوی	دعوی
دغدغه	دغدغهٔ
دفعه	دفعهٔ
دقیقه	دقیقهٔ
دل	دل‌های
دمکراسی	دمکراسی
دمید	دمید
داد	دهد
داد	دهند
دهه	دههٔ
داد	دهی
داد	دهید
داد	دهیم
ده‌ها	ده‌ها
دودکش	دودکش‌های
دوربین	دوربین‌های
دوره	دورهٔ
دوست	دوستانی
دوستدار	دوستداران
دولت‌مرد	دولت‌مردان
دولت	دولت‌های
دومین	دومین
دگر	دگر
دید	دیدند
دید	دیده‌ام
دید	دیده‌اید
دید	دیده‌ایم
دیده	دیدگان
این	دین
دینداری	دینداری
دیواره	دیوارهٔ
دیواره	دیواره‌های
دیو	دیوها
دیگری	دیگران
ذخیره	ذخیرهٔ
ذغال	ذغال
رأس	رئوس
رابطه	رابطهٔ
راستا	راستای
راند	راند
راننده	رانندهٔ
راهکار	راهکارهای
راهی	راهیان
راه‌اندازی	راه‌اندازی
رتبه	رتبهٔ
رده	ردهٔ
رزمنده	رزمندگان
رساله	رسالهٔ
رسانه	رسانهٔ
رسانه	رسانه‌های
رسانید	رسانیده
رسید	رسد
رسماً	رسماً
رسید	رسیدم
رسید	رسیده‌اند
رشته	رشتهٔ
رشته	رشته‌ها
رشدی	رشدی
رفت	رفت
رفتار	رفتارهای
رفت	رفتند
رفته	رفتهٔ
رفت	رفته‌اند
رفت	رفتیم
رقابت	رقابتها
رقابت	رقابتهای
رقابت	رقابت‌ها
ره	ره
روایت	روایتی
روبروی	روبروی
روحیه	روحیهٔ
رودخانه	رودخانهٔ
رودخانه	رودخانه‌های
روزنامه	روزنامهٔ
روزه	روزهٔ
روزه	روزه‌
روزگار	روزگاران
روستا	روستاهای
روستا	روستای
روش	روشهای
روش	روشی
رژیم	رژیمهای
رژیم	رژیم‌های
ریشه	ریشهٔ
ریشه	ریشه‌ها
ریشه	ریشه‌های
رییس	رییس
از	ز
زبان	زبان‌های
زحمت	زحمات
زخم	زخم‌های
زد	زدم
زد	زده‌ام
زد	زده‌اند
زد	زده‌اید
زد	زده‌ایم
زد	زدید
زلزله	زلزلهٔ
زمامدار	زمامداران
زمینه	زمینهٔ
زمینه	زمینه‌های
زندان	زندان‌های
زاویه	زوایای
زیبا	زیبای
زیبایی	زیبایی‌ها
سابقه	سابقهٔ
ساخت	ساخت
ساختار	ساختارهای
ساخت	ساختند
ساخته	ساختهٔ
ساخت	ساخته‌اند
ساده	سادهٔ
سارق	سارقان
ساخت	سازد
سازمان	سازمانهای
سازمان	سازمان‌های
ساخت	سازند
سازنده	سازندهٔ
ساز	سازهای
ساخت	سازید
سالانه	سالانهٔ
ساله	سالهٔ
ساله	ساله‌
سامانه	سامانهٔ
سایت	سایت‌های
سایه	سایهٔ
سبزی	سبزی‌ها
سبک	سبکی
ستاره	ستارهٔ
ستاره	ستاره‌های
ستد	ستد
ستمکار	ستمکاران
سختی	سختی‌ها
سخنرانی	سخنرانی‌های
سخن	سخنی
سده	سدهٔ
سرا	سرای
سرمایه	سرمایهٔ
سرمایه	سرمایه‌های
سرمایه‌گذار	سرمایه‌گذاران
سر	سرهای
سروده	سروده‌های
سرویس	سرویس‌های
سریال	سریال‌های
سفیر	سفرای
سفر	سفرهای
سلسله	سلسلهٔ
سلول	سلول‌های
سلیقه	سلیقهٔ
سناریو	سناریوی
سنا	سنای
سنت	سنتهای
سنت	سنت‌های
سهمیه	سهمیهٔ
سوال	سوال
سوره	سورهٔ
سومین	سومین
سپاهان	سپاهان
سپرد	سپرد
سپید	سپید
سکته	سکتهٔ
سکه	سکهٔ
سکه	سکه‌های
سگ	سگان
سیاست	سیاستهای
سیاست	سیاست‌های
سیما	سیمای
سینما	سینماهای
سینماگر	سینماگران
سینما	سینمای
سینه	سینه‌
او	ش
شاخه	شاخهٔ
شانه	شانهٔ
شانه	شانه‌
شاهکار	شاهکارهای
شایسته	شایستهٔ
شبکه	شبکهٔ
شبکه	شبکه‌های
شخصیت	شخصیتها
شخصیت	شخصیتهای
شخصیت	شخصیت‌های
شخصی	شخصی‌
کرد	شد
کرد	شدند
کرد	شده
کرد	شده‌اند
شد	شده‌اید
شد	شدیم
شرایط	شرایط
شرط	شرطی
شرکت	شرکت‌های
شرکت‌کننده	شرکت‌کنندگان
شعبه	شعبهٔ
شاعر	شعرای
شاعر	شعرایی
شعله	شعله‌های
شماره	شمارهٔ
شنا	شنای
شنود	شنود
شنونده	شنوندگان
شنید	شنیده‌اید
شهید	شهدای
شهرستان	شهرستان‌های
شهوت	شهوات
کرد	شود
شورا	شوراهای
شورا	شورای
شد	شوید
شکایت	شکایات
شیطان	شیاطین
شیره	شیرهٔ
شیشه	شیشهٔ
شیشه‌ای	شیشه‌ای
شیعه	شیعهٔ
شیعه	شیعیان
شیوه	شیوهٔ
صاحب	صاحبان
صاحب‌نظر	صاحب‌نظران
صافی	صافی
صبح	صبح‌ها
صحنه	صحنهٔ
صفحه	صفحهٔ
صف	صفوف
صله	صلهٔ
صنعت	صنایع
صندوق	صندوقهای
صندوق	صندوق‌ها
صندوق	صندوق‌های
صهیونیست	صهیونیست‌ها
ضربه	ضربهٔ
ضعیف	ضعفا
ضعف	ضعف‌های
طایفه	طایفهٔ
طبقه	طبقهٔ
طرح	طرحی
طریق	طرق
طلبه	طلاب
طلا	طلاها
طلا	طلاهای
طلا	طلای
طلبه	طلبه
ظاهراً	ظاهراً
ظرف	ظرفی
ظرفیت	ظرفیت‌های
عالم	عالمان
عالم	عالمی
عالی	عالی‌ترین
عده	عدهٔ
عراقی	عراقی‌ها
عرصه	عرصهٔ
عرصه	عرصه‌های
عرضه	عرضهٔ
عزا	عزای
عضو	عضوی
عطف	عطفی
عقیده	عقیده‌
علاقه	علاقهٔ
علاقه	علاقه‌
علاقه‌مند	علاقه‌مندان
علف	علف‌های
عالم	علما
عالم	علمای
علمیه	علمیهٔ
علیرغم	علیرغم
علی‌رغم	علی‌رغم
عمده	عمدهٔ
عمده	عمده‌ای
عمر	عمری
عکاس	عکاسان
غر	غر
غریزه	غرائز
غربی	غربی‌ها
غریبه	غریبان
غلغلک	غلغلک
غنا	غنای
غیرنظامی	غیرنظامیان
فاصله	فاصلهٔ
فاطمه	فاطمهٔ
فایل	فایل‌های
فتنه	فتنهٔ
فتنه	فتنه‌ها
فتنه‌گر	فتنه‌گران
فتح	فتوحات
فرآورده	فرآورده‌های
فراوان	فراوانی
گرفت	فراگرفته
فرشته	فرشتهٔ
فرشته	فرشته‌ای
فرصت	فرصت‌ها
فرصت	فرصت‌های
فرقه	فرقهٔ
فرمانده	فرماندهٔ
فرمود	فرماید
فرمایش	فرمایشات
فرمود	فرمود
فرمود	فرمودند
فرمود	فرموده
فرمود	فرموده‌اند
فرهنگی	فرهنگیان
فرهنگ	فرهنگ‌های
خواست	فروخواهد
خواست	فروخواهند
رفت	فرورفت
فرع	فروع
خورد	فرومی‌خورد
کرد	فروکرده
فریفت	فریفت
فشار	فشارهای
فضانورد	فضانوردان
فضاپیما	فضاپیمای
فاضل	فضلا
فعالیت	فعالیتهای
فغان	فغان
فقیه	فقها
فیلسوف	فلاسفه
فلز	فلزات
فلسفه	فلسفهٔ
فهمید	فهمید
فهمید	فهمیدم
فیروز	فیروز
فیلم	فیلمهای
فیلم	فیلمی
قاره	قارهٔ
قاری	قاریان
قالب	قالب‌های
قایق	قایق‌های
قبیله	قبایل
قبلاً	قبلاً
قدم	قدم‌های
قرارداد	قراردادهای
قرص	قرص‌های
قرمز	قرمزها
قرن	قرن‌های
قسمت	قسمتهای
قصه	قصه‌ها
قصه	قصه‌های
قضیه	قضایا
قطره	قطرهٔ
قطعه	قطعهٔ
قفسه	قفسهٔ
قلب	قلب‌های
قلعه	قلعهٔ
قله	قلهٔ
قله	قله‌های
قوه	قوای
قوی	قوی‌ترین
قیمت	قیمت‌ها
لانه	لانهٔ
لایحه	لایحهٔ
لایه	لایهٔ
لبه	لبهٔ
لحظه	لحظهٔ
لزوماً	لزوماً
لشگر	لشگر
لهجه	لهجهٔ
لوله	لولهٔ
لکن	لکن
مؤثر	مؤثری
مؤسسه	مؤسسهٔ
مؤلف	مؤلفان
ماجرا	ماجرای
ماده	مادهٔ
مالش	مالش
ماند	ماند
ماند	ماندند
مایه	مایهٔ
مبارز	مبارزان
مبارزه	مبارزهٔ
مبنا	مبانی
مبلغ	مبلغی
مبنی	مبنی
متحده	متحده
متصدی	متصدیان
متقاضی	متقاضیان
متولی	متولیان
مثابه	مثابهٔ
مثبت	مثبتی
مثلاً	مثلا
مثلاً	مثلاً
مجرا	مجاری
مجمع	مجامع
مجری	مجریان
مجله	مجلهٔ
مجموعه	مجموعهٔ
محافظه‌کار	محافظه‌کاران
محفل	محافل
محاکمه	محاکمهٔ
محدوده	محدودهٔ
محدودیت	محدودیتی
محدودیت	محدودیت‌هایی
محروم	محرومان
محقق	محققان
محله	محلهٔ
محموله	محمولهٔ
محور	محورهای
محوطه	محوطهٔ
مخابرات	مخابرات
مخاطب	مخاطبین
مخصوص	مخصوصی
مخلوق	مخلوقات
مدافع	مدافعان
مدال	مدال‌های
مدرسه	مدرسهٔ
مدرس	مدرسین
مدعی	مدعیان
مدل	مدل‌های
مرتع	مراتع
مربی	مربیان
مرتبه	مرتبهٔ
مرحله	مرحلهٔ
مرد	مردی
مرغ	مرغی
مسأله	مسألهٔ
مسئله	مسئلهٔ
مسئول	مسئولان
مسابقه	مسابقهٔ
مسابقه	مسابقه‌ها
مسابقه	مسابقه‌های
مستقل	مستقلی
مستمند	مستمندان
مستکبر	مستکبران
مسلمان	مسلمان‌ها
مسیر	مسیرهای
شغل	مشاغل
مشاهده	مشاهدهٔ
مشاور	مشاوران
مشترک	مشترکان
مشتری	مشتریان
مشخصه	مشخصات
مشرک	مشرکین
مصاحبه	مصاحبه‌ای
مصرف‌کننده	مصرف‌کنندگان
مصری	مصری‌ها
مصوبه	مصوبهٔ
مطالبه	مطالبات
مطالعه	مطالعهٔ
مطالعه	مطالعه‌ای
معبر	معابر
معادله	معادلات
معتاد	معتادان
معترض	معترضین
معجزه	معجزهٔ
معده	معده‌
معصوم	معصومین
معلول	معلولان
معین	معینی
مغازه	مغازهٔ
مفهوم	مفاهیم
مقاله	مقالهٔ
مقاله	مقاله‌ای
مقام	مقام‌های
مقبره	مقبرهٔ
مقدمه	مقدمهٔ
مقوله	مقولات
مقوله	مقولهٔ
ملک	ملائکه
ملت	ملتی
ملت	ملت‌ها
ملی‌پوش	ملی‌پوشان
منطقه	مناطقی
منافق	منافقان
منافق	منافقین
منتقد	منتقدین
منتهی	منتهی
منزله	منزلهٔ
منطقه	منطقهٔ
منم	منم
منهای	منهای
مهاجر	مهاجرین
مهاجم	مهاجمان
مهارت	مهارت‌های
مهندس	مهندسین
موزه	موزهٔ
موسیقی	موسیقی‌های
موضعگیری	موضعگیری
مکان	مکان‌های
میدان	میادین
میانه	میانهٔ
جنباند	میجنباند
میرزا	میرزای
میهمان	میهمان
میهمان	میهمانان
آموخت	می‌آموزد
آورد	می‌آوردم
آورد	می‌آورم
آورد	می‌آورند
آورد	می‌آورید
آورد	می‌آوریم
آمد	می‌آید
آمد	می‌آیم
آمد	می‌آیند
آمد	می‌آیی
افتاد	می‌افتد
افتاد	می‌افتند
افزود	می‌افزاید
انداخت	می‌اندازد
انداخت	می‌اندازند
اندیشید	می‌اندیشد
ایستاد	می‌ایستد
بود	می‌باشد
بود	می‌باشم
بود	می‌باشند
بایست	می‌باید
بایست	می‌بایست
بخشید	می‌بخشد
برد	می‌بردم
برد	می‌برم
برد	می‌بریم
بست	می‌بندد
بست	می‌بندند
بود	می‌بود
دید	می‌بیند
دید	می‌بینم
دید	می‌بینند
دید	می‌بینید
دید	می‌بینیم
تراشید	می‌تراشند
ترسید	می‌ترسم
ترسید	می‌ترسند
توان	می‌توان
توانست	می‌تواند
توانست	می‌توانست
توانست	می‌توانستم
توانست	می‌توانستیم
توانست	می‌توانم
توانست	می‌توانند
توانست	می‌توانی
توانست	می‌توانید
توانست	می‌توانیم
جست	می‌جوید
خندید	می‌خندند
خواست	می‌خواست
خواست	می‌خواستند
خواست	می‌خواستیم
خواند	می‌خوانم
خواند	می‌خوانند
خواند	می‌خوانید
خواند	می‌خوانیم
خواست	می‌خواهد
خواست	می‌خواهم
خواست	می‌خواهند
خواست	می‌خواهی
خواست	می‌خواهید
خواست	می‌خواهیم
خورد	می‌خورم
خورد	می‌خورند
خورد	می‌خورید
خورد	می‌خوریم
داد	می‌دادیم
داشت	می‌دارد
داشت	می‌دارم
داشت	می‌دارند
داشت	می‌دارید
داشت	می‌داریم
دانست	می‌داند
دانست	می‌دانم
دانست	می‌دانند
دانست	می‌دانی
دانست	می‌دانید
دانست	می‌دانیم
داد	می‌دهد
داد	می‌دهم
داد	می‌دهند
داد	می‌دهی
داد	می‌دهید
داد	می‌دهیم
دوید	می‌دود
دید	می‌دیدیم
رساند	می‌رساند
رساند	می‌رسانند
رسید	می‌رسد
رسید	می‌رسند
رفت	می‌رفتیم
رفت	می‌رود
رفت	می‌روم
رفت	می‌روند
رفت	می‌روید
رفت	می‌رویم
ریخت	می‌ریزد
زد	می‌زدم
زد	می‌زدیم
زد	می‌زنم
زد	می‌زنند
زد	می‌زنی
زد	می‌زنید
زد	می‌زنیم
ساخت	می‌ساختند
ساخت	می‌سازد
ساخت	می‌سازم
ساخت	می‌سازند
ستود	می‌ستودم
سوخت	می‌سوزد
کرد	می‌شد
شد	می‌شدیم
شناخت	می‌شناسم
شناخت	می‌شناسند
شناخت	می‌شناسیم
شنید	می‌شنوم
شد	می‌شه
کرد	می‌شود
کرد	می‌شوند
شد	می‌شوی
شد	می‌شویم
طلبید	می‌طلبد
غرید	می‌غرند
فرمود	می‌فرماید
فرمود	می‌فرمایند
فرمود	می‌فرمود
فهمید	می‌فهمد
مرد	می‌میرند
نشست	می‌نشیند
نشست	می‌نشینم
نشست	می‌نشینند
نمود	می‌نماید
نمود	می‌نمایند
نهاد	می‌نهاد
نهاد	می‌نهد
نهاد	می‌نهیم
نوشت	می‌نویسد
نوشت	می‌نویسم
نوشت	می‌نویسند
نگریست	می‌نگرد
نگریست	می‌نگرند
ورزید	می‌ورزد
ورزید	می‌ورزند
ورزید	می‌ورزیدند
وزید	می‌وزید
پذیرفت	می‌پذیرد
پذیرفت	می‌پذیریم
پرداخت	می‌پردازد
پرداخت	می‌پردازند
پرسید	می‌پرسد
پلکید	می‌پلکد
پنداشت	می‌پندارند
پیچید	می‌پیچد
چرخید	می‌چرخد
کرد	می‌کرده‌اند
کشید	می‌کشم
کشید	می‌کشند
کشید	می‌کشیدم
کرد	می‌کند
کرد	می‌کنم
کرد	می‌کنند
کرد	می‌کنی
کرد	می‌کنید
کرد	می‌کنیم
کوشید	می‌کوشد
کوشید	می‌کوشند
کوشید	می‌کوشید
گذاشت	می‌گذاریم
گذاشت	می‌گذاشتم
گذراند	می‌گذراند
گذشت	می‌گذرد
گشت	می‌گردد
گشت	می‌گردند
گردید	می‌گردید
گرفت	می‌گرفتم
گفت	می‌گفتم
گفت	می‌گفتیم
گفت	می‌گوید
گفت	می‌گویم
گفت	می‌گویند
گفت	می‌گویی
گفت	می‌گویید
گفت	می‌گوییم
گرفت	می‌گیرد
گرفت	می‌گیرم
گرفت	می‌گیرند
گرفت	می‌گیرید
گرفت	می‌گیریم
یافت	می‌یابد
یافت	می‌یابند
ناحیه	ناحیهٔ
نامزد	نامزدهای
نامه	نامهٔ
نامه	نامه‌های
نامید	نامید
بود	نباش
بود	نباشد
بود	نباشم
بود	نباشند
بود	نباشی
بود	نباشید
بود	نباشیم
بایست	نباید
بایست	نبایستی
بود	نبوده‌اند
ترسید	نترسید
توانست	نتواند
توانست	نتوانستم
توانست	نتوانسته‌ایم
توانست	نتوانند
نتیجه	نتیجهٔ
نحوه	نحوهٔ
نخبه	نخبگان
خواست	نخواهد
خواست	نخواهم
خواست	نخواهند
خواست	نخواهی
خواست	نخواهید
خواست	نخواهیم
خورد	نخورید
هست	ند
داد	ندادند
داشت	ندارد
داشت	ندارم
داشت	ندارند
داشت	ندارید
داشت	نداریم
داشت	نداشته‌اند
داشت	نداشتیم
ندا	ندای
داد	ندهد
داد	ندهید
داد	ندهیم
رسید	نرسد
نرم‌افزار	نرم‌افزاری
رفت	نرود
زد	نزنید
نسخه	نسخهٔ
نسل	نسل‌های
نسیم	نسیمی
نشانه	نشانهٔ
کرد	نشده
نشریه	نشریات
نشریه	نشریهٔ
نشست	نشستم
نشست	نشسته‌اند
نشست	نشستیم
نشست	نشست‌های
نظامی	نظامیان
نظر	نظرهای
نظریه	نظریهٔ
نعمت	نعمتی
نعمت	نعمت‌های
نقد	نقدهای
نقش	نقشهای
نقشه	نقشهٔ
نقش	نقش‌ها
نقطه	نقطهٔ
نماز	نمازهای
نمود	نماید
نمایشگاه	نمایشگاهی
نمود	نمایند
نماینده	نمایندهٔ
نمود	نمایید
نمود	نماییم
نمود	نمودند
نمود	نموده‌اند
نمونه	نمونهٔ
نمونه	نمونه‌ها
نمونه	نمونه‌هایی
آورد	نمی‌آورم
آمد	نمی‌آید
بود	نمی‌باشد
دید	نمی‌بیند
توان	نمی‌توان
توانست	نمی‌تواند
توانست	نمی‌توانسته
توانست	نمی‌توانستیم
توانست	نمی‌توانم
توانست	نمی‌توانند
توانست	نمی‌توانی
توانست	نمی‌توانید
توانست	نمی‌توانیم
خواست	نمی‌خواهد
خواست	نمی‌خواهم
خواست	نمی‌خواهند
خواست	نمی‌خواهیم
دانست	نمی‌داند
دانست	نمی‌دانم
دانست	نمی‌دانند
دانست	نمی‌دانید
دانست	نمی‌دانیم
داد	نمی‌دهد
داد	نمی‌دهم
داد	نمی‌دهند
داد	نمی‌دهیم
رسید	نمی‌رسد
زد	نمی‌زنند
کرد	نمی‌شود
کرد	نمی‌کند
کرد	نمی‌کنم
کرد	نمی‌کنند
کرد	نمی‌کنی
کرد	نمی‌کنید
کرد	نمی‌کنیم
گرفت	نمی‌گیرد
نهاد	نهادند
نهاد	نهادهای
نهاد	نهاده‌اند
نهمین	نهمین
نوشته	نوشتهٔ
نوشت	نوشته‌ام
نوشت	نوشته‌اند
نویسنده	نویسندهٔ
نویسنده	نویسنده‌ای
نکته	نکتهٔ
کرد	نکرده‌ام
کرد	نکرده‌اند
کرد	نکرده‌ایم
کرد	نکردید
کرد	نکردیم
کرد	نکن
کرد	نکند
کرد	نکنم
کرد	نکنند
کرد	نکنید
کرد	نکنیم
نگارنده	نگارنده
گذاشت	نگذارد
گذارد	نگذارید
گرفت	نگرفت
نگه	نگه
نگهبانی	نگهبانی
گفت	نگویند
گرفت	نگیرید
آورد	نیاورد
آمد	نیاید
است	نیست
است	نیستند
است	نیستید
افتاد	نیفتاد
افتاد	نیفتد
نیمه	نیمهٔ
هدیه	هدایای
هدف	هدف‌های
هرکه	هرکه
هر‌چند	هر‌چند
هزاران	هزاران
هزاره	هزارهٔ
هزینه	هزینهٔ
هزینه	هزینه‌ها
هست	هستم
هست	هستند
هست	هستید
هست	هستیم
هفته	هفتهٔ
هفته‌نامه	هفته‌نامهٔ
همسایه	همسایهٔ
همسایه	همسایگان
همه‌	همه‌
همکاری	همکاری‌های
همگان	همگان
همگی	همگی
هنرجو	هنرجویان
هوادار	هواداران
هواپیمایی	هواپیمایی
هیأت	هیأت
هیأت	هیأت‌های
هیچکدام	هیچکدام
هیچگاه	هیچگاه
هیچگونه	هیچگونه
وابسته	وابستهٔ
واجب	واجبات
واحد	واحدها
واحد	واحدهای
واسطه	واسطهٔ
واقعه	واقعهٔ
والا	والای
واژه	واژهٔ
وجه	وجوه
آمد	ورآمد
افتاد	ورافتاده
ورزید	ورزد
ورزید	ورزند
ورزید	ورزید
ورزید	ورزیدند
وزیر	وزرای
وسیله	وسیلهٔ
وظیفه	وظیفهٔ
وعده	وعدهٔ
ولایت	ولایات
ولیکن	ولیکن
ویروس	ویروس‌های
ویلا	ویلای
پارسی	پارسی
پارچه	پارچهٔ
پاشید	پاشید
پاشید	پاشیده
پخت	پخت
پدیده	پدیدهٔ
پدیده	پدیده‌های
پذیرا	پذیرای
پذیرفت	پذیرفت
پذیرفت	پذیرفتند
پرتو	پرتوهای
پرسید	پرسید
پرسید	پرسیدم
پرسید	پرسیده
پرنده	پرندهٔ
پروانه	پروانهٔ
پرورد	پرورده
پرونده	پروندهٔ
پرونده	پرونده‌های
پروژه	پروژهٔ
پروژه	پروژه‌های
پرید	پرید
پز	پز
پست	پست‌های
پشتوانه	پشتوانه
پل	پل‌های
پنجشنبه	پنجشنبه
پهنه	پهنهٔ
پول	پول‌های
پژوهش	پژوهشهای
پیامبر	پیامبرانی
پیامد	پیامدهای
پیر	پیران
پیرو	پیروان
پیشانی	پیشانی‌
پیشنهاد	پیشنهادات
پیشوا	پیشوایان
پیشکسوت	پیشکسوتان
پیش	پیش‌تر
پیچید	پیچید
پیکان	پیکان
پیکره	پیکرهٔ
چالش	چالش‌های
چراکه	چراکه
چرخه	چرخهٔ
چشمه	چشمهٔ
چشمگیر	چشمگیری
چشم	چشمی
چشید	چشیده
چلاند	چلاندم
چندی	چندی
چهارشنبه	چهارشنبهٔ
چهره	چهرهٔ
چهره	چهره‌
چونان	چونان
چید	چیده
چینی	چینی‌ها
ژن	ژن‌ها
کابینه	کابینهٔ
کاربر	کاربران
کارخانه	کارخانهٔ
کارنامه	کارنامهٔ
کارگردان	کارگردانان
کاشت	کاشته
کافر	کافران
کاملاً	کاملاً
کامپیوتر	کامپیوترهای
کاندیدا	کاندیداها
کاهن	کاهنان
کتابخانه	کتابخانهٔ
کتابخانه	کتابخانه‌های
کتاب	کتابهای
کتیبه	کتیبهٔ
کثیر	کثیری
کدامین	کدامین
کرانه	کرانهٔ
کربلا	کربلای
کربوهیدرات	کربوهیدرات‌ها
کرد	کرده‌ام
کرد	کرده‌اند
کرد	کرده‌ای
کرد	کرده‌اید
کرد	کرده‌ایم
کره	کرهٔ
کشت	کشت
کشته‌شده	کشته‌شدگان
کشتی	کشتی‌های
کشید	کشیده‌اند
کشید	کشیده‌اید
کشید	کشیدیم
کشیک	کشیک
کافر	کفار
کلاس	کلاس‌های
کلان	کلانی
کلیه	کلیهٔ
کم	کمترین
کمک	کمکهای
کمک	کمک‌های
کمیته	کمیتهٔ
کرد	کند
کرد	کنم
کرد	کنند
کنون	کنون
کنکاش	کنکاش
کنگره	کنگرهٔ
کرد	کنی
کرد	کنید
کرد	کنیم
کهنه	کهنهٔ
کوبید	کوبید
کوبید	کوبیده
کودتا	کودتای
کوسه	کوسه‌ها
کوشید	کوشید
کوشید	کوشیده
کوهنورد	کوهنوردان
کوه	کوه‌های
کوچه	کوچهٔ
کیسه	کیسهٔ
کیفی	کیفی
کینه	کینه
کینه	کینهٔ
گام	گامی
گذارد	گذاردم
گذارد	گذاردند
گذارد	گذارده
گذارد	گذارده‌اند
گذاشت	گذاشته‌ام
گذاشت	گذاشته‌اند
گذاشت	گذاشتی
گذاشت	گذاشتیم
گذراند	گذراند
گذشته	گذشتهٔ
گرانجان	گرانجانان
گرداند	گرداند
گردانید	گردانیده
گشت	گردد
گردشگر	گردشگران
گردید	گردید
گشت	گردیده
گرفت	گرفته‌ام
گرفت	گرفته‌اند
گرفت	گرفته‌اید
گرفت	گرفته‌ایم
گرفت	گرفتیم
گروه	گروههای
گرچه	گرچه
گز	گزها
گزین	گزین
گزینه	گزینهٔ
گسترده	گستردهٔ
گشت	گشتم
گشت	گشتند
گشت	گشته‌اند
گفته	گفتهٔ
گفت	گفته‌اند
گفتگو	گفتگوهای
گفت	گفتیم
گل	گلهای
گلو	گلوی
گناه	گناهی
گنجی	گنجی
گونه	گونهٔ
گفت	گوید
گفت	گویند
گیاه	گیاهانی
گرفت	گیرد
گرفت	گیرند
گیرنده	گیرنده
یافت	یابد
یارانه	یارانه‌ها
یافت	یافتند
یافت	یافته
یافته	یافته‌ها
یافته	یافته‌های
تو	یت
شما	یتان
او	یش
آنها	یشان
من	یم
ما	یمان
این	ین
هست	یند
یه	یه
یونانی	یونانی‌ها
یکشنبه	یکشنبه
ییلاقی	ییلاقی
