Αἰγινήτης	Αἰγινητέων
Αἰγύπτιος	Αἰγυπτίοισι
Βάττος	Βάττου
Βαβυλώνιος	Βαβυλωνίων
Βαρκαῖοι	Βαρκαίους
Βηθανία	Βηθανίαν
Βηθλέεμ	Βηθλέεμ
Βοιωτός	Βοιωτοῖσι
γαῖα	Γαίης
Γαλιλαία	Γαλιλαίαν
Γαλιλαία	Γαλιλαίας
Γαλιλαία	Γαλιλαίᾳ
Γεφυραῖος	Γεφυραῖοι
Δαυίδ	Δαυείδ
Δελφοί	Δελφοί
Δηιόκης	Δηιόκεω
Δημάρητος	Δημάρητον
Δημάρητος	Δημαρήτου
Δημάρητος	Δημαρήτῳ
Ζεύς	Διί
Δορίσκος	Δορίσκον
Δορίσκος	Δορίσκῳ
Εὔβοια	Εὐβοίης
Ζεύς	Ζῆν̓
Θῆβαι	Θήβῃσι
Θερμοπύλαι	Θερμοπύλας
Θεσσαλία	Θεσσαλίην
Θεσσαλία	Θεσσαλίης
Θρᾷξ	Θρήικες
Θρᾴκη	Θρηίκης
Θρᾷξ	Θρηίκων
Θρᾴκη	Θρηίκῃ
Κίμων	Κίμωνος
Καισάρεια	Καισάριαν
Καμβύσης	Καμβύσεω
Καππαδοκία	Καππαδοκίην
Κιλικία	Κιλικίας
Κλεισθένης	Κλεισθένεα
Κλεισθένης	Κλεισθένεος
Κλεομένης	Κλεομένεα
Κλεομένης	Κλεομένεος
Κνίδιος	Κνίδιοι
Κορίνθιος	Κορίνθιοι
Κορίνθιος	Κορινθίους
Κορίνθιος	Κορινθίων
Κόιντος	Κόιντον
Κύπρος	Κύπρον
Λακεδαιμόνιος	Λακεδαιμονίοισι
Λευτυχίδης	Λευτυχίδεω
Λεωνίδης	Λεωνίδῃ
Λεωτυχίδης	Λεωτυχίδην
Λιβύη	Λιβύην
Λιβύη	Λιβύης
Λίβυς	Λιβύων
Λοξίας	Λοξίης
Λυδός	Λυδοῖσι
Λυκάων	Λυκάονος
Λυκία	Λυκίης
Μῆδος	Μήδοισι
Μίλητος	Μίλητον
Μαρία	Μαρίαμ
Μαρία	Μαρίας
Μαρία	Μαριάμ
Μασσαγέται	Μασσαγέτας
Μασσαγέται	Μασσαγετέων
Μελχισέδεκ	Μελχισέδεκ
Μιλήσιος	Μιλησίους
Μιλτιάδης	Μιλτιάδεα
Μιλτιάδης	Μιλτιάδεω
Μιλτιάδης	Μιλτιάδῃ
Μυρμιδόνες	Μυρμιδόνες
Μυρμιδόνες	Μυρμιδόνεσσι
Μυρμιδόνες	Μυρμιδόνων
Μωϋσῆς	Μωϋσῆς
Νάξιος	Νάξιοι
Νάξος	Νάξον
Νίνος	Νίνον
Νάξιος	Ναξίους
Ὄλυμπος	Οὐλύμποιο
Ὄλυμπος	Οὔλυμπον
Παγγαῖον	Πάγγαιον
Παίονες	Παίονες
Πακτύης	Πακτύην
Παυσανίας	Παυσανίου
Πιλᾶτος	Πειλάτῳ
Πιλᾶτος	Πειλᾶτον
Πιλᾶτος	Πειλᾶτος
Πεισίστρατος	Πεισίστρατον
Πεισίστρατος	Πεισιστράτῳ
Πεισιστρατίδαι	Πεισιστρατίδας
Πεισιστρατίδαι	Πεισιστρατιδέων
Περσεύς	Περσέος
Περσίς	Περσίδα
Πλαταιεύς	Πλαταιέες
Ποσειδεών	Ποσειδάων
Πουλυδάμας	Πουλυδάμας
Πρίαμος	Πρίαμον
Πρίαμος	Πριάμοιο
Πυθία	Πυθίη
Σάμιος	Σάμιοι
Σάμος	Σάμου
Σάμος	Σάμῳ
Σάρδεις	Σάρδις
Σάρδεις	Σάρδισι
Σίμων	Σίμωνα
Σίμων	Σίμωνος
Σικελία	Σικελίαν
Σικελία	Σικελίην
Σικελία	Σικελίης
Σικελία	Σικελίῃ
Σκύθης	Σκυθέων
Σκύθης	Σκύθαι
Σκύθης	Σκύθας
Σολομών	Σολομῶνος
Σπάρτη	Σπάρτῃ
Σπαρτιάτης	Σπαρτιήτῃσι
Σπαρτιάτης	Σπαρτιητέων
Σπαρτιάτης	Σπαρτιῆται
Συρία	Συρίαν
Συρακούσιος	Συρακοσίων
Συρακούσιος	Συρακόσιοι
Συράκουσαι	Συρηκούσας
Τέλλος	Τέλλον
Τίτος	Τίτον
Τίτος	Τίτου
Τεγέα	Τεγέην
Τεγεάτης	Τεγεήτας
Τεγεάτης	Τεγεητέων
Τραχίς	Τρηχῖνος
Τροία	Τροίην
Τροία	Τροίης
Τρώς	Τρωσί
Τρώς	Τρώεσσι
Τρώς	Τρώεσσιν
Τρώς	Τρῶές
Τυδείδης	Τυδεΐδῃ
Φοῖνιξ	Φοίνικας
Φραόρτης	Φραόρτεω
Φωκαιεύς	Φωκέες
Χίος	Χίον
αἰαῖ	αἰαῖ
αἴθω	αἰθομένοιο
αἰνός	αἰνότατε
αἰπύς	αἰπύν
αἰτία	αἰτίαν
αἰτία	αἰτίας
αἰτία	αἰτίην
αἰτέω	αἰτούμενοι
αἰώνιος	αἰωνίου
εἰ	αἴ
αἶψα	αἶψ̓
αἶψα	αἶψά
αἷμα	αἷμ̓
ἀτάρ	αὐτάρ
αὐτίκα	αὐτίκ̓
αὐχήν	αὐχέν̓
ἑαυτοῦ	αὑτόν
ἑαυτοῦ	αὑτῆς
ἑαυτοῦ	αὑτῷ
αὐτός	αὔτ̓
αὔτως	αὔτως
αὖτε	αὖθ̓
αὖθι	αὖθι
αὖθις	αὖθις
αὖτε	αὖτ̓
αὖτε	αὖτέ
βάλλω	βάλ̓
βάλλω	βάλλει
βάρβαρος	βάρβαροι
βάσκω	βάσκ̓
βία	βίαν
βίβλος	βίβλῳ
βία	βίη
βία	βίην
βία	βίης
βίος	βίον
βίος	βίου
βία	βίᾳ
βία	βίῃ
βαθύς	βαθείης
βαπτίζω	βαπτίζων
βαρύς	βαρέα
βάρβαρος	βαρβάροισι
βαρύς	βαρεῖαν
βαρύς	βαρύ
βασιλεύς	βασιλέι
βασίλειος	βασιλήιον
βασιλεία	βασιλεία
βασιλεύω	βασιλεύοντος
βασιλεία	βασιληίην
βιβλίον	βιβλίῳ
βλέπω	βλέποντες
βλασφημία	βλασφημίας
βουλεύω	βουλευσάμενοι
βούλομαι	βουλομένοισι
βούλομαι	βουλομένους
βούλομαι	βουλόμενοι
βούλομαι	βούλεαι
βοάω	βοᾷ
βοάω	βοῶντος
βραχεῖν	βράχε
βριθύς	βριθύ
βρυγμός	βρυγμός
γε	γ̓
γάμος	γάμου
γάμος	γάμους
γάμος	γάμων
γε	γέ
Γέλων	γέλων
γίγνομαι	γένετ̓
γίγνομαι	γένοιτ̓
γίγνομαι	γίγνετ̓
γίγνομαι	γίγνεται
γίγνομαι	γίνεσθαι
γίγνομαι	γίνεσθε
γίγνομαι	γίνεται
γίγνομαι	γίνονται
γίγνομαι	γεγονότα
γίγνομαι	γεγονότας
γίγνομαι	γεγονότες
γράφω	γεγραμμένα
γενεά	γενεήν
γενεά	γενεῇ
γίγνομαι	γενομένην
γίγνομαι	γενομένης
γίγνομαι	γενομένου
γίγνομαι	γενομένων
γίγνομαι	γενόμενα
γίγνομαι	γενόμεναι
γίγνομαι	γενόμενοι
γίγνομαι	γινέσθω
γίγνομαι	γινομένην
γίγνομαι	γινομένου
γίγνομαι	γινομένων
γίγνομαι	γινόμενα
γίγνομαι	γινόμενον
γιγνώσκω	γινώσκει
γιγνώσκω	γινώσκεις
γιγνώσκω	γινώσκετε
γλυκύς	γλυκύ
γιγνώσκω	γνόντες
γόνυ	γούνατ̓
γράμμα	γράμματα
γράφω	γράφει
γράφω	γράφειν
γράφω	γράψας
γρηγορέω	γρηγορεῖτε
γυμνόω	γυμνωθέντα
γυνή	γυναῖκά
γωνία	γωνίας
δέ	δ̓
δάκρυον	δάκρυ
δάκρυον	δάκρυα
δάκρυον	δάκρυον
δαμάζω	δάμασσε
δίδωμι	δέδωκάς
δέχομαι	δέκεσθαι
δέχομαι	δέξασθαι
δέχομαι	δέξηται
δέσμιος	δέσμιον
δάιος	δήϊον
δίαιτα	δίαιταν
διδάσκω	δίδαξον
δίδωμι	δίδου
δίκαιος	δίκαια
δίκαιος	δίκαιοι
δίκαιος	δίκαιον
δίκη	δίκας
δίκη	δίκην
δίκη	δίκης
δίκη	δίκῃ
δίφρος	δίφροιο
δίφρος	δίφρον
δίφρος	δίφρου
δίφρος	δίφρων
διώκω	δίωκε
δαίφρων	δαΐφρονι
δαίφρων	δαΐφρονος
δαίνυμι	δαίνυντ̓
δαιμόνιον	δαιμονίου
δαιμόνιον	δαιμονίων
δαιμόνιον	δαιμόνια
δαιμόνιος	δαιμόνἰ
δάκρυον	δακρύων
δάκτυλος	δακτύλους
δαμάζω	δαμέντες
δέησις	δεήσει
δείδω	δείσαντες
δειμαίνω	δειμαίνοντες
δέχομαι	δεξάμενοι
δέχομαι	δεξάμενος
δεύτερος	δευτέρῃ
δεύτερος	δεύτερος
δεῖ	δεῖ
δεῖ	δεῖν
δεῦτε	δεῦτε
δεῦρο	δεῦῤ
δάιος	δηΐοιο
Δηίφοβος	δηΐφοβος
δάιος	δηΐων
δηιοτής	δηϊοτῆτι
δηιοτής	δηϊοτῆτος
διάβασις	διάβασιν
διάκονος	διάκονοι
διάνοια	διάνοιαν
διατρίβω	διέτριβον
διαβαίνω	διαβάντες
διαδέχομαι	διαδεξάμενος
διακονία	διακονίαν
διακονία	διακονίας
διαπρύσιος	διαπρύσιον
διαφθορά	διαφθοράν
διδάσκαλος	διδάσκαλε
διδάσκω	διδάσκεις
διδάσκω	διδάσκοντες
διδάσκω	διδάσκων
διδασκαλία	διδασκαλίας
διδασκαλία	διδασκαλίᾳ
διαλογίζομαι	διελογίζοντο
διαφθείρω	διεφθάρη
διακόσιοι	διηκοσίας
δίκαιος	δικαίου
δικαιοσύνη	δικαιοσύνην
δικαιοσύνη	δικαιοσύνης
δικαιοσύνη	δικαιοσύνῃ
δισμύριοι	δισμυρίους
διῶρυξ	διώρυχας
δοκέω	δοκέοντες
δορύφορος	δορυφόρων
δουρικλειτός	δουρικλυτός
δόρυ	δούρατ̓
δράω	δράσω
δύναμαι	δυνάμεθα
δύναμις	δυνάμει
δύναμις	δυνάμεις
δύναμαι	δυνάμενοι
δύναμαι	δυνάμενον
δύναμις	δυνάμεων
δύναμις	δυνάμεως
δύναμαι	δυναμένους
δυνατός	δυνατωτάτους
δύο	δυσίν
δυώδεκα	δυώδεκα
δίδωμι	δόντες
δίδωμι	δόντος
δύο	δύ̓
δύναμαι	δύναιτο
δύναμις	δύναμιν
δύναμαι	δύνανται
δύναμαι	δύνασθαι
δύναμαι	δύναται
δύναμαι	δύνατο
δῶμα	δώματ̓
διά	δἰ
δῆτα	δῆτ̓
δῶμα	δῶ
δῶρον	δῶρά
δῶρον	δῶῤ
οἶδα	εἰδότες
εἰμί	εἰμ̓
εἰμί	εἰμί
εἰμί	εἰμεν
λέγω	εἰπόν
λέγω	εἰπών
ἐρωτάω	εἰρώτα
εἰμί	εἰσί
οἶδα	εἰσόμεσθα
εἰμί	εἴη
εἰμί	εἴμ̓
λέγω	εἴπατε
λέγω	εἴπητε
λέγω	εἴπωμεν
εἴσω	εἴσω
ἕνεκα	εἵνεκ̓
ἕπομαι	εἵπετο
ἕπομαι	εἵποντο
εἰμί	εἶ
εἰμί	εἶεν
εἶτα	εἶθ̓
εἶμι	εἶμ̓
εἰμί	εἶναί
λέγω	εἶπέν
λέγω	εἶπόν
εἶτα	εἶτ̓
εἷος	εἷος
εὐαγγελίζω	εὐαγγελιζόμενοι
εὐδαιμονία	εὐδαιμονίῃ
εὐδοκέω	εὐδόκησεν
εὐθέως	εὐθέως
εὐλογητός	εὐλογητός
εὐρύς	εὐρέα
εὐρύς	εὐρύ
εὐρύς	εὐρύν
εὐχαριστία	εὐχαριστίας
ἕ	εὑ
εὑρίσκω	εὑρίσκει
εὑρίσκω	εὑρόντες
εὖ	εὖ
εὑρίσκω	εὗῤ
ζητέω	ζητοῦντες
ζιζάνιον	ζιζάνια
ζωή	ζωή
ζωή	ζωήν
ζωή	ζωῆς
ζύμη	ζύμης
ζῷον	ζώων
ζῶ	ζῶντες
τε	θ̓
θάλασσα	θάλασσαν
θάλασσα	θάλατταν
θάνατος	θάνατόν
θάπτω	θάψαι
ἐθέλω	θέλει
ἐθέλω	θέλειν
ἐθέλω	θέλεις
ἐθέλω	θέλετε
ἐθέλω	θέλομεν
ἐθέλω	θέλοντες
ἐθέλω	θέλουσιν
ἐθέλω	θέλων
ἐθέλω	θέλῃ
τίθημι	θέντες
θήν	θήν
θάλαμος	θαλάμοιο
θάλασσα	θαλάσσης
θάλασσα	θαλάσσῃ
θάνατος	θανάτου
θνήσκω	θανεῖν
θνήσκω	θανόντ̓
θνήσκω	θανόντα
θνήσκω	θανόντι
θνήσκω	θανόντος
θνήσκω	θανών
θεά	θεά
θεοπρόπιον	θεοπροπίου
θεράπων	θεράποντα
θεράπων	θεράποντες
θερίζω	θερίζων
θερίζω	θερίσει
θερισμός	θερισμός
θεωρέω	θεωρεῖτέ
θεωρέω	θεωροῦντες
θήν	θην
θηρίον	θηρία
θηρίον	θηρίου
θηρίον	θηρίῳ
θλῖψις	θλίψει
θλῖψις	θλίψεσιν
θυγάτηρ	θυγατέρα
θυγάτηρ	θυγατέρες
θυσία	θυσίαν
θυσία	θυσίας
θυσία	θυσίῃσι
θυσιαστήριον	θυσιαστηρίου
θυσιαστήριον	θυσιαστηρίῳ
θωρήσσω	θωρηχθέντες
θυγάτηρ	θύγατερ
θύω	θύειν
θύω	θύουσι
θύρα	θύραν
θώραξ	θώρηκα
θώραξ	θώρηκος
θίς	θῖν̓
ἄν	κ̓
κατά	κάδ
καλός	κάλλιστα
καλός	κάλλιστον
κάμηλος	κάμηλον
κατά	κάπ
καταπίπτω	κάππεσεν
κάρα	κάρη
κάρηνον	κάρηνα
κατά	κάτα
ἄν	κέ
κεῖμαι	κέεται
ἄν	κέν
κῆδος	κήδἐ
κίω	κίε
κίνδυνος	κίνδυνον
κίω	κίον
κατά	καθ̓
κάθημαι	καθήμενοι
καθίστημι	καθίσταται
καθεύδω	καθεύδοντας
κάθημαι	καθημένου
κάθημαι	καθημένους
κάθημαι	καθημένῳ
καθύπερθε	καθύπερθεν
καθώς	καθώς
κατά	καθ’
κακία	κακίαν
καλέω	καλέουσι
καλέω	καλεομένην
καλέω	καλεομένης
καλέω	καλεομένου
καλός	καλλίστην
καλλίθριξ	καλλίτριχας
καλλιπάρηος	καλλιπάρῃον
καλός	καλῇ
κάματος	καμάτῳ
καρδία	καρδίαις
καρδία	καρδίαν
καρδία	καρδίας
καρδία	καρδίᾳ
καρπάλιμος	καρπαλίμως
κατά	κατ̓
κατάπαυσις	κατάπαυσιν
κατέναντι	κατέναντι
καταβαίνω	καταβάτω
καταλύω	καταλύσειν
κατάσκοπος	κατασκόπους
καταστρέφω	καταστρεψάμενος
καταφεύγω	καταφυγόντας
κατεργάζομαι	κατεργάζεται
κατεργάζομαι	κατεργάσασθαι
καθίστημι	κατεστήκεε
κατοικέω	κατοικοῦντας
κατοικέω	κατοικοῦντες
καθυπέρτερος	κατυπέρτεροι
καθύπερθε	κατύπερθε
κατά	κατ’
αὐτός	καὐτός
κεῖμαι	κείμενα
ἐκεῖνος	κείνων
κλάζω	κεκλήγων
κελεύω	κελεύσαντος
κεφαλή	κεφαλῇσι
εἰ	κεἰ
ἐκεῖνος	κεῖνον
κηρύσσω	κηρύσσειν
κηρύσσω	κηρύσσων
κίνδυνος	κινδύνοις
κίνδυνος	κινδύνους
κλάδος	κλάδους
κλαίω	κλαίοντες
κλάσμα	κλασμάτων
κληρονομία	κληρονομίαν
κλισία	κλισίην
κλισία	κλισίης
κλισία	κλισίῃ
κλισία	κλισίῃσι
κλισία	κλισίῃσιν
κλισία	κλισιάων
κλύω	κλύειν
κοιλία	κοιλίας
κοιλία	κοιλίᾳ
κοινωνία	κοινωνίαν
κολωνός	κολωνός
κομίζω	κομίζειν
κομάω	κομόωντας
κομάω	κομόωντες
κονία	κονίῃσι
κονία	κονίῃσιν
πού	κου
κόρη	κούρην
κόρη	κούρης
κόρη	κούρῃ
οὐ	κοὐ
οὐ	κοὐκ
κόρη	κοῦραι
κράζω	κράζει
κράζω	κράζοντες
κράνος	κράνεα
κράτος	κράτη
κρίνω	κρίναντες
κρίνω	κρίνατε
κρίνω	κρίνει
κρίνω	κρίνεις
κρίνω	κρίνεται
κρίνω	κρίνετε
κρίσις	κρίσει
κρίσις	κρίσεως
καρδία	κραδίη
κράς	κρατί
κρατερός	κρατερός
κρατερός	κρατερῶς
κράς	κρατός
κρείσσων	κρείττονος
κρατήρ	κρητῆρα
κρατήρ	κρητῆρας
κρῖ	κρῖ
κτίζω	κτίσαι
κτίσις	κτίσεως
κτείνω	κταμένοιο
κύων	κυνός
κύριος	κυρίοις
κύριος	κυρίου
κύριος	κυρίῳ
κυρέω	κυρεῖς
κυρέω	κυρῆσαι
κύων	κυσί
κωλύω	κωλύετε
κύδιστος	κύδιστε
κύκλος	κύκλον
κύων	κύνα
κύων	κύνας
κύων	κύνες
κύριος	κύριε
κύριος	κύριοι
κύριος	κύριον
κύριος	κύριός
ἐγώ	κἀγώ
ἐκ	κἀκ
ἐγώ	κἀμέ
ἐπί	κἀπί
κήρ	κῆῤ
λαμβάνω	λάβε
λαμβάνω	λάβεν
λαμβάνω	λάβετε
λαμβάνω	λάβοι
λαμβάνω	λάβῃ
λάζομαι	λάζετο
λέγω	λέγ̓
λέγω	λέγοντα
λέγω	λέγοντας
λέγω	λέγοντες
λέγω	λέγοντι
λέγω	λέγοντος
λέγω	λέγουσαι
λέγω	λέγουσαν
λίαν	λίην
λίθος	λίθον
λίθος	λίθου
λίθος	λίθους
λίθος	λίθῳ
λαμβάνω	λαβόντες
λαλέω	λαλοῦντες
λαλέω	λαλοῦντος
λαμβάνω	λαμβάνων
λάφυρα	λαφύρων
λέγω	λεγομένην
λέγω	λεγομένων
λέγω	λεγούσης
λέγω	λεγόμενα
λειτουργία	λειτουργίας
λαλέω	λελάληκα
λογάς	λογάδας
λογίζομαι	λογίζεται
λόγος	λόγοισι
λύπη	λύπην
λύπη	λύπης
λύσις	λύσιν
λύω	λύσω
ἐγώ	μ̓
μανθάνω	μάθε
μανθάνω	μάθετε
μάλα	μάλ̓
μάντις	μάντιν
μάρτυς	μάρτυρα
μάρτυς	μάρτυρες
μάστιξ	μάστιγα
μάστιξ	μάστιγι
μάχαιρα	μάχαιραν
μάχη	μάχας
μάχη	μάχης
μάχη	μάχῃ
ἐγώ	μέ
μέγας	μέγ̓
μέγας	μέγιστα
μέγας	μέγιστον
μέγας	μέζω
μέλλω	μέλλοντα
μέλλω	μέλλοντας
μέλλω	μέλλοντες
μέλλω	μέλλοντι
μέλλω	μέλλοντος
μέμαα	μέμασαν
μένω	μένοντες
μέσος	μέσσην
μέσος	μέσσον
μέσος	μέσσῳ
μῆδος	μήδεα
μήτε	μήθ̓
μήν	μήν
μήτε	μήτ̓
μήτε	μήτέ
μανθάνω	μαθόντες
μακάριος	μακάριοι
μακράν	μακράν
μαντεῖον	μαντήιον
μαρμαίρω	μαρμαίροντα
μαρτυρία	μαρτυρίαν
μάρτυς	μαρτύρων
μάχομαι	μαχόμενοι
μέγας	μείζονα
μέγας	μείζων
μέλινος	μείλινον
μέγας	μεγάλ̓
μεθερμηνεύω	μεθερμηνευόμενον
μέμαα	μεμαώς
μέμαα	μεμαῶτα
μέμαα	μεμαῶτε
μεσημβρία	μεσαμβρίην
μετά	μετ̓
μετάνοια	μετάνοιαν
μετεῖπον	μετέειπε
μετεῖπον	μετέειπεν
μεταπέμπω	μεταπεμψάμενος
μεθίημι	μετείς
μετανοέω	μετενόησαν
μετόπισθε	μετόπισθε
ἐγώ	μευ
μέγας	μεῖζον
μηκέτι	μηκέτ̓
μηχανάομαι	μηχανᾶται
μιν	μιν
εἷς	μιᾷ
μνεία	μνείαν
ἐγώ	μοί
ἐγώ	μού
μόνος	μούνη
μόνος	μούνοισι
μόνος	μούνους
μόνος	μοῦνα
μόνος	μοῦνοι
μόνος	μοῦνον
μυριάς	μυριάδας
μυριάς	μυριάδες
μυριάς	μυριάδων
Μωϋσῆς	μωϋσῆς
μύρον	μύρου
μᾶλλον	μᾶλλόν
ἐγώ	μ’
ναῦς	νέα
ναῦς	νέες
ναῦς	νέεσσιν
νέος	νέον
νέος	νέων
ναῦς	νήεσσι
νῆσος	νήσων
ναίω	ναίουσιν
ναυμαχία	ναυμαχίαν
ναυμαχία	ναυμαχίας
ναυμαχία	ναυμαχίῃ
νέατος	νείατον
νομίζω	νενομίκασι
ναῦς	νεός
νέος	νεώτερα
νεῖκος	νεῖκος
ναῦς	νηί
νηλής	νηλεές
ναός	νηοῦ
ναῦς	νηυσί
ναῦς	νηυσίν
ναός	νηόν
ναῦς	νηῶν
ναός	νηῷ
νικάω	νικήσαντες
νιν	νιν
νομάς	νομάδες
νομάς	νομάδων
νομίζω	νομίζοντες
νομίζω	νομίζουσι
νομίζω	νομίζων
νόος	νοῦ
νόος	νοῦν
νῦν	νυ
νύξ	νυκτί
νῦν	νύ
νύξ	νύκτα
νύξ	νύκτας
νύμφη	νύμφην
νύσσω	νύξ̓
ναῦς	νῆάς
ναῦς	νῆα
ναῦς	νῆας
νῆσος	νῆσον
ἐγώ	νῶϊ
ἐγώ	νῷν
ξίφος	ξίφει
ξένιος	ξείνια
ξένος	ξεῖνε
ξένος	ξεῖνοι
ξένος	ξεῖνον
ξύλον	ξύλα
ξύλον	ξύλου
ξύλον	ξύλων
σύν	ξύν
οἰκέω	οἰκέοντες
οἰκία	οἰκίαν
οἰκία	οἰκίας
οἰκία	οἰκίης
οἰκία	οἰκίᾳ
οἰκοδομή	οἰκοδομήν
οἰκονομία	οἰκονομίαν
οἴχομαι	οἰχώκεε
ὄις	οἰῶν
οἶδα	οἴδασιν
οἴκαδε	οἴκαδ̓
οἴχομαι	οἴχοντο
ὅστις	οἵτινές
οἶδα	οἶδ̓
οἶκος	οἶκόν
οἶκος	οἶκός
οἶδα	οἶσθ̓
οἷος	οἷ̓
οἷος	οἷά
οἷος	οἷοί
οἷος	οἷόν
οἷος	οἷός
οὐδέ	οὐδέ
οὐδαμός	οὐδαμά
οὐδαμός	οὐδαμῶν
οὐδείς	οὐδεμιῇ
οὐδείς	οὐθέν
οὐκέτι	οὐκέτ̓
ὄνομα	οὐνόματα
ὄνομα	οὐνόματι
οὔτε	οὔθ̓
ὄρος	οὔρεος
εἰμί	οὔσης
εἰμί	οὔσῃ
οὔτε	οὔτ̓
οὔτε	οὔτέ
οὐτάζω	οὔτασε
οὕνεκα	οὕνεκ̓
οὕνεκα	οὕνεκά
εἰμί	οὖσαι
εἰμί	οὖσαν
εἰμί	οὖσιν
οὗτος	οὗτοί
οὗτος	οὗτός
πήγνυμι	πάγη
πάγχυ	πάγχυ
πάθος	πάθεα
πᾶς	πάνθ̓
πάντοσε	πάντοσ̓
παρά	πάρ
παρέξ	πάρεξ
πάροιθε	πάροιθ̓
πάροιθε	πάροιθεν
πέδη	πέδας
πέμπω	πέμψαντά
πέμπω	πέμψαντες
πέντε	πέντε
πέρ	πέρ
πέτρα	πέτρης
πίνω	πίνειν
πίνω	πίνων
πίων	πίονα
πίπτω	πίπτει
πίστις	πίστει
πίστις	πίστεως
πίστις	πίστιν
πίνω	πίω
πάθημα	παθημάτων
πάσχω	παθόντες
παλάμη	παλάμῃσι
παννύχιος	παννύχιοι
παντελής	παντελῶς
παράγω	παράγων
παράδοσις	παράδοσιν
παράκλησις	παράκλησιν
παραδίδωμι	παρέδωκα
παραδίδωμι	παρέδωκαν
παραδίδωμι	παρέδωκε
παραδίδωμι	παρέδωκεν
παρέξ	παρέξ
πάρειμι	παρέσται
παραγίγνομαι	παραγενόμενοι
παραδίδωμι	παραδιδοῖ
παραλαμβάνω	παραλαβόντες
παραλαμβάνω	παραλαμβάνει
παραμείβω	παραμειβόμενος
παρασκευάζω	παρασκευασάμενος
παρακαλέω	παρεκάλει
παρακαλέω	παρεκάλεσαν
παραλαμβάνω	παρελάβετε
παρέξειμι	παρεξήιε
παρασκευάζω	παρεσκευάζετο
παρασκευάζω	παρεσκευάζοντο
παρέχω	παρεχόμενοι
πάρειμι	παρεόντα
παρουσία	παρουσίαν
παρουσία	παρουσίας
παρουσία	παρουσίᾳ
παρρησία	παρρησίαν
παρρησία	παρρησίας
παρρησία	παρρησίᾳ
πάρειμι	παρόντι
πατήρ	πατέῤ
πατρίς	πατρίδα
πατρώιος	πατρώϊον
παῖς	παῖδά
παῖς	παῖδάς
παῖς	παῖς
παρά	παῤ
πείθω	πείσεις
πειράζω	πειράζοντες
πέμπω	πεμφθέντες
πεντηκόντερος	πεντηκοντέρους
πέπνυμαι	πεπνυμένος
πείθω	πεποιθότες
πέρ	περ
περιπατέω	περιεπάτει
περιπατέω	περιπατοῦντας
περισσῶς	περισσοτέρως
περισσός	περισσότερον
περισσῶς	περισσῶς
περιτομή	περιτομῆς
περιχαρής	περιχαρής
πίπτω	πεσόντα
πίπτω	πεσόντος
πετεινόν	πετεινά
πίνω	πεῖν
πεῖρα	πεῖραν
πηλός	πηλόν
πῆχυς	πηχέων
πιστεύω	πιστεύσαντες
πλάνη	πλάνης
πλέω	πλέοντες
πλῆθος	πλήθεϊ
πολύς	πλειόνων
πλευρά	πλευράν
πληγή	πληγάς
πληθύς	πληθύν
πληρόω	πληρώσαντες
πλήσσω	πλῆξ̓
πνεῦμα	πνεύματός
πνεῦμα	πνεῦμά
πνοή	πνοιῇ
πούς	ποδοῖιν
ποιέω	ποεῖν
ποτέ	ποθ̓
ποιέω	ποιήσαντες
ποιέω	ποιήσαντι
ποιέω	ποιήσασι
ποιέω	ποιεύμενοι
ποιέω	ποιεῦντες
ποιέω	ποιησάμενοι
ποικίλος	ποικίλα
ποικίλος	ποικίλαις
ποικίλος	ποικίλον
ποιέω	ποιοῦντες
πόλεμος	πολέμου
πολίτης	πολίταις
πολίτης	πολιήτας
πολύς	πολλά
πολλάκις	πολλάκι
πολύς	πολλάς
πολύς	πολύ
πολύς	πολύν
πορεύομαι	πορευθέντες
πορεύομαι	πορεύεσθε
πορεύομαι	πορεύομαι
πορεύομαι	πορεύου
ποτέ	ποτ̓
πού	που
πρᾶγμα	πράγματος
πρᾶγμα	πρήγμασι
πρᾶγμα	πρήγματα
πράσσω	πρήσσειν
πράσσω	πραττομένοις
πρέσβυς	πρεσβυτέρους
πρέσβυς	πρεσβυτέρων
πρέσβυς	πρεσβύτατον
πρέσβυς	πρεσβύτεροι
πρᾶγμα	πρηγμάτων
πρηνής	πρηνής
προίημι	προΐει
προίημι	προέηκε
προθυμία	προθυμίην
πρόκειμαι	προκείμενα
προσκυνέω	προσεκύνησαν
προσέρχομαι	προσελθόντες
προσεύχομαι	προσευχόμενοι
προσεύχομαι	προσηύξατο
προσεύχομαι	προσηύχετο
προσκαλέω	προσκαλεσάμενος
προσκαρτερέω	προσκαρτεροῦντες
προσκυνέω	προσκυνοῦντας
προστάσσω	προστάξας
προσέρχομαι	προσῆλθεν
προτέρω	προτέρω
πρόσθεν	πρόσθ̓
πρότερος	πρότερόν
πόλεμος	πτολέμοιο
πολεμίζω	πτολεμίζειν
πόλις	πτόλιν
πύλη	πυλάων
πυνθάνομαι	πυνθανόμενοι
πυρή	πυρήν
πωλέω	πωλοῦντας
πόθεν	πόθεν
πόλεμος	πόλεμόν
πολύς	πόλλ̓
πόρω	πόρε
πόρω	πόρεν
πόρος	πόρον
πόσος	πόσους
πότε	πότε
πύλη	πύλας
πύλη	πύλῃσι
πύργος	πύργον
πύργος	πύργου
πύργος	πύργους
πύργος	πύργων
πύργος	πύργῳ
πῆ	πᾷ
πη	πῃ
πῆ	πῇ
πῶς	πῶς
σύ	σ̓
σάκος	σάκεος
σάλπιγξ	σάλπιγγος
σάρξ	σάρκα
σάρξ	σάρκας
σῴζω	σέσωκέν
σήμερον	σήμερον
σάρξ	σαρκί
Σατανᾶς	σατανᾶ
Σατανᾶς	σατανᾶς
σεαυτοῦ	σεωυτῷ
σίναπι	σινάπεως
σκευάζω	σκευάσαντες
σκοτία	σκοτίᾳ
σοφία	σοφίαν
σοφία	σοφίας
σοφία	σοφίᾳ
σοφία	σοφίῃ
σύ	σού
σπλάγχνον	σπλάγχνα
στάδιον	στάδια
ἵστημι	στάν
ἵστημι	στάς
στάσις	στάσι
στάσις	στάσιν
στίξ	στίχας
στίξ	στίχες
στάδιον	σταδίους
στάδιον	σταδίων
στασιώτης	στασιῶται
σταυρός	σταυροῦ
σταυρόω	σταύρωσον
στενός	στεινόν
στερεός	στερεῶς
στρατεία	στρατηίην
στρατηγός	στρατηγῶν
στρατιά	στρατιή
στρατιά	στρατιήν
στρατοπεδεία	στρατοπεδείαν
συκῆ	συκῆ
συκῆ	συκῆν
συμβάλλω	συμβαλόντες
σύμμαχος	συμμάχους
σύμμαχος	συμμάχων
συμμαχία	συμμαχίαν
συμμαχία	συμμαχίας
συμμαχία	συμμαχίην
συμμαχία	συμμαχίης
συμφορά	συμφορήν
συμφέρω	συνήνεικε
συναγωγή	συναγωγάς
συμβάλλω	συνεβάλετο
συνέρχομαι	συνελθόντες
συντάσσω	συνταχθέντες
σφεῖς	σφ̓
σφεῖς	σφέα
σφεῖς	σφίσι
σφέτερος	σφετέρην
σφεῖς	σφωϊν
σύ	σφῶϊ
σύ	σφῶϊν
σωτηρία	σωτηρίαν
σωτηρία	σωτηρίας
σύμμαχος	σύμμαχοι
σύμμαχος	σύμμαχον
σῆμα	σῆμ̓
σῖγα	σῖγ̓
σῶμα	σῶμά
τε	τ̓
ὅδε	τάδ̓
τάλας	τάλαινα
τάλαντον	τάλαντα
ὅδε	τάνδ̓
τάξις	τάξιν
ἄρα	τάρ
ὅδε	τάσδ̓
τάφος	τάφον
τάφος	τάφου
τάφρος	τάφρον
τάφρος	τάφρου
τάφρος	τάφρῳ
τάχα	τάχ̓
τάχος	τάχει
τε	τέ
τέσσαρες	τέσσερα
τέσσαρες	τέσσερας
ὅδε	τήνδ̓
τίθημι	τίθησιν
τίκτω	τίκτει
τιμάω	τίμα
τίς	τίν̓
τίς	τίνες
τίς	τίνι
τίς	τίνων
τίπτε	τίπτ̓
τίπτε	τίπτέ
τάλαντον	ταλάντων
ταχύς	ταχύ
οὗτος	ταύτῃσι
οὗτος	ταῦθ̓
οὗτος	ταῦτ̓
οὗτος	ταῦτά
θνήσκω	τεθνηῶτα
θνήσκω	τεθνηῶτος
τέθριππος	τεθρίππῳ
τίκτω	τεκοῦσαν
τελευτάω	τελευτήσαντος
τέμενος	τεμένεϊ
τέσσαρες	τεσσέρων
τάσσω	τεταγμένοι
τεῦχος	τεύχεά
τεῦχος	τεύχἐ
τιμωρία	τιμωρίαν
τιμωρία	τιμωρίας
τις	τιν̓
τίς	τινάς
τοιόσδε	τοιάδ̓
τοιόσδε	τοιάνδ̓
τοιόσδε	τοιήδε
τοιόσδε	τοιήνδε
τοιοῦτος	τοιαῦθ̓
τοιόσδε	τοιούσδ̓
τοιοῦτος	τοιούτοισι
τοιόσδε	τοιοῖσδ̓
τοιόσδε	τοιοῦδ̓
τοιόσδε	τοιῇδε
τοσόσδε	τοσόνδ̓
οὗτος	τουτέων
οὗτος	τούτοισι
ἐμός	τοὐμόν
τοὔνεκα	τοὔνεκά
ἔπος	τοὔπος
ἔργον	τοὔργον
ὅδε	τοῖσδ̓
ὅδε	τοῦδ̓
ὅδε	τοῦδέ
οὗτος	τοῦθ̓
οὗτος	τοῦτ̓
οὗτος	τοῦτό
οὗτος	τοῦτ’
τράπεζα	τράπεζαν
τράχηλος	τράχηλον
τρίπους	τρίποδα
τρίτος	τρίτη
τρίτος	τρίτην
τρίτος	τρίτου
τρίτος	τρίτῃ
τρίτος	τρίτῳ
θρίξ	τρίχας
θρίξ	τρίχες
τρεῖς	τρεῖς
τραχέως	τρηχέως
τριακόσιοι	τριηκοσίους
τυγχάνω	τυγχάνει
τυγχάνω	τυγχάνεις
τύραννος	τυράννων
τυραννίς	τυραννίδα
τυραννίς	τυραννίδι
τυραννίς	τυραννίδος
ὅδε	τόδ̓
ὅδε	τόνδ̓
τόσος	τόσσα
τόσος	τόσσον
τότε	τότ̓
τύμβος	τύμβῳ
τύπος	τύπον
τύραννος	τύραννον
τύχη	τύχην
τύχη	τύχης
τώς	τώς
ἐπί	τἀπί
ἄλλος	τἄλλα
αὐτός	τὠυτό
ὅδε	τῆσδ̓
ὅδε	τῶνδ̓
ὅδε	τῶνδέ
ὅδε	τῷδ̓
υἱός	υἱοῖς
ἐσθίω	φάγω
φάλαγξ	φάλαγγας
φάλαγξ	φάλαγγες
φημί	φάμενοι
φημί	φάς
φάτις	φάτιν
φέρω	φέροντα
φέρω	φέροντες
φέρτατος	φέρτερός
φημί	φής
φίλος	φίλαι
φίλος	φίλε
φίλος	φίλη
φίλος	φίλην
φίλος	φίλης
φίλος	φίλοι
φίλος	φίλοις
φίλος	φίλον
φίλος	φίλου
φίλτατος	φίλτατος
φίλος	φίλων
φίλος	φίλῳ
φημί	φαμένων
φανερόω	φανερωθῇ
φημί	φασί
φημί	φασι
φημί	φασιν
φέρω	φερόμενοι
φεύγω	φεύγοντας
φεύγω	φεύγοντες
φημί	φησί
φημί	φησίν
φιλοπόλεμος	φιλοπτολέμοισι
φοβέω	φοβούμενοι
φορτίον	φορτίων
φράζω	φράσον
φράζω	φράσω
φρόνιμος	φρόνιμοι
φυλή	φυλάς
φυλάσσω	φυλάσσοντες
φυλάσσω	φυλάσσων
φωνή	φωνῆς
φωνή	φωνῇ
φόως	φόως
φύλλον	φύλλα
φύλοπις	φύλοπιν
φύσις	φύσιν
φωνέω	φώνησέν
φῦλον	φῦλ̓
ἄν	χ̓
χάρις	χάριτι
χάρις	χάριτος
χάρμη	χάρμης
χίλιοι	χίλια
χαίρω	χαίρετε
χαίρω	χαίροντες
χαρά	χαράν
χάρισμα	χαρίσματα
χαίρω	χαῖῤ
χειρόω	χειρωσάμενος
χείρ	χεῖράς
χείρ	χεῖῤ
χιλιάς	χιλιάδες
χιλιάς	χιλιάδων
ὁ	χοἰ
χοῦς	χοῦν
χράω	χρέωνται
χρεών	χρεόν
χράω	χρεώμενοι
χράω	χρησομένους
χρηστήριον	χρηστήριον
χρηστήριον	χρηστηρίων
χρηστήριον	χρηστηρίῳ
Χριστός	χριστός
χρύσεος	χρυσοῦν
χρύσεος	χρύσεον
χωρίον	χωρία
χόλος	χόλος
χώρα	χώρην
χώρα	χώρῃ
ὁ	χὠ
ἄαπτος	ἀάπτους
ἀέκων	ἀέκων
ἄγαλμα	ἀγάλματα
ἀγάπη	ἀγάπην
ἀγάπη	ἀγάπῃ
ἄγω	ἀγαγόντες
ἄγγελος	ἀγγέλοις
ἀγγελία	ἀγγελίην
ἀγορά	ἀγοράν
ἀγορά	ἀγορήν
ἀγορά	ἀγορῆς
ἀγορά	ἀγορῇ
ἀγωνίζομαι	ἀγωνισάμενος
ἀδελφή	ἀδελφάς
ἀδελφή	ἀδελφή
ἀδελφή	ἀδελφήν
ἀδελφός	ἀδελφεοῦ
ἀδελφός	ἀδελφεόν
ἀδελφός	ἀδελφεῷ
ἀδύνατος	ἀδύνατον
ἀθάνατος	ἀθανάτοισι
ἀθάνατος	ἀθανάτων
Ἀθηναῖος	ἀθηναίοισι
ἀθροίζω	ἀθροίσαντες
ἀκάθαρτος	ἀκάθαρτον
ἀκάματος	ἀκάματον
ἄκανθα	ἀκάνθας
ἀκήν	ἀκήν
ἀκούω	ἀκούοντες
ἀκούω	ἀκούσαντες
ἀκριβῶς	ἀκριβῶς
ἀκροβυστία	ἀκροβυστίᾳ
ἀκρόπολις	ἀκροπόλιος
ἀλήθεια	ἀληθείην
ἀλήθεια	ἀληθείῃ
ἀληθῶς	ἀληθῶς
ἀλλά	ἀλλ̓
ἀλλότριος	ἀλλοτρίως
ἀμείβω	ἀμειψάμενος
ἀμφί	ἀμφ̓
ἀμφίς	ἀμφίς
ἀμφιγύεις	ἀμφιγυήεις
ἀμύμων	ἀμύμονα
ἀμύμων	ἀμύμονος
ἀμύνω	ἀμύνων
ἀνά	ἀν̓
ἀνάγκη	ἀνάγκην
ἀνάγκη	ἀνάγκης
ἄναξ	ἀνάκτων
ἀνάστασις	ἀνάστασιν
ἀναβαίνω	ἀναβαίνοντες
ἀνάγκη	ἀναγκαίης
ἀνάθημα	ἀναθήματα
ἀνάθημα	ἀναθημάτων
ἀναλαμβάνω	ἀναλαβόντες
ἀνίστημι	ἀναστάντες
ἀνάστασις	ἀναστάσει
ἀνάστασις	ἀναστάσεως
ἀνδράποδον	ἀνδράποδα
ἀνεκτός	ἀνεκτότερον
ἀναχάζω	ἀνεχάζετο
ἀνοίγνυμι	ἀνοίξας
ἀνομία	ἀνομίης
ἀντί	ἀντ’
ἄξιος	ἀξίους
ἀολλής	ἀολλέες
ἀπό	ἀπ̓
ἀπελαύνω	ἀπήλαυνε
ἀφικνέομαι	ἀπίκατο
ἀφικνέομαι	ἀπίκετο
ἀφικνέομαι	ἀπίκοντο
ἀφικνέομαι	ἀπίκωνται
ἄπιστος	ἀπίστοις
ἀπαλλάσσω	ἀπαλλάσσεσθαι
ἀπαρχή	ἀπαρχή
ἀποκρίνω	ἀπεκρίθη
ἀποκρίνω	ἀπεκρίθησαν
ἀποκρίνω	ἀπεκρίνατο
ἀπέρχομαι	ἀπελθόντες
ἀποφέρω	ἀπενειχθέντα
ἀπερείσιος	ἀπερείσἰ
ἀφικνέομαι	ἀπικέσθαι
ἀφικνέομαι	ἀπικνέεται
ἀφικνέομαι	ἀπικομένοισι
ἀφικνέομαι	ἀπικομένους
ἀφικνέομαι	ἀπικομένων
ἀφικνέομαι	ἀπικομένῳ
ἀφικνέομαι	ἀπικόμενοι
ἀφικνέομαι	ἀπικόμενον
ἀφικνέομαι	ἀπικόμενος
ἀπιστία	ἀπιστίᾳ
ἄπειμι	ἀπιόντος
ἀποδέχομαι	ἀποδέξασθαι
ἀποκάλυψις	ἀποκάλυψιν
ἀποκρίνω	ἀποκριθέντες
ἀπολύω	ἀπολύσω
ἀπολύτρωσις	ἀπολύτρωσιν
ἀπωθέω	ἀπωσάμενοι
ἀπώλεια	ἀπώλειαν
αἴρω	ἀρέσθαι
ἀραρίσκω	ἀραρυίας
ἀραρίσκω	ἀραρυῖαν
ἀργύριον	ἀργυρίου
ἀργύρεος	ἀργύρεα
ἀργύριον	ἀργύρια
ἄργυρος	ἀργύρῳ
ἀρηίφιλος	ἀρηΐφιλον
ἀρηίφιλος	ἀρηΐφιλος
ἀρνός	ἀρνῶν
ἄρχω	ἀρξάμενοι
ἄρτιος	ἀρτίως
ἀσθενέω	ἀσθενεῖ
ἀσπάζομαι	ἀσπάζεται
ἀσπάζομαι	ἀσπάζονται
ἀσπάζομαι	ἀσπάσασθε
ἀσπίς	ἀσπίδ̓
ἀσπίς	ἀσπίσι
ἀτάλαντος	ἀτάλαντον
ἀτενίζω	ἀτενίσας
ἀτραπός	ἀτραπόν
ἀπό	ἀφ̓
ἀφίημι	ἀφέντες
ἀφίημι	ἀφίεται
ἀχεύω	ἀχνύμενοί
ἀχεύω	ἀχνύμενος
ἀυτή	ἀϋτῆς
ἅγιος	ἁγία
ἅγιος	ἁγίαν
ἅγιος	ἁγίοις
ἅγιος	ἁγίου
ἅγιος	ἁγίους
ἅγιος	ἁγίων
ἅγιος	ἁγίῳ
ἁμαρτάς	ἁμαρτάδα
ἁμαρτία	ἁμαρτίαι
ἁμαρτία	ἁμαρτίαις
ἁμαρτία	ἁμαρτίαν
ἅπας	ἁπάντων
ἅπας	ἁπάσας
ἅπας	ἁπάσης
ἁρπάζω	ἁρπάξας
ἁρπάζω	ἁρπάσαι
ἁρπαγή	ἁρπαγῆς
ἅπτω	ἁψάμενος
ἄγε	ἄγεθ̓
ἄγω	ἄγει
ἄγω	ἄγεν
ἄγω	ἄγον
ἄγω	ἄγουσιν
ἄγρα	ἄγρην
ἄγω	ἄγωμεν
ἄκων	ἄκοντι
ἄκρα	ἄκρης
ἄλγος	ἄλγἐ
ἄλκιμος	ἄλκιμον
ἄλλος	ἄλλ̓
ἄλλος	ἄλλαι
ἄλλος	ἄλλας
ἄλλος	ἄλλη
ἄλλος	ἄλλην
ἄλλος	ἄλλης
ἄλλος	ἄλλοις
ἄλλοτε	ἄλλοτ̓
ἄλλος	ἄλλου
ἄλλος	ἄλλῃσι
ἄμαξα	ἄμαξαν
ἐγώ	ἄμμε
ἐγώ	ἄμμι
ἄναξ	ἄνακτα
ἄναξ	ἄνακτι
ἄναξ	ἄνακτος
ἀνήρ	ἄνδῤ
ἄνευ	ἄνευ
ἄνευθε	ἄνευθεν
ἄνθρωπος	ἄνθρωπε
ἄνθρωπος	ἄνθρωποι
ἄνθρωπος	ἄνθρωπον
ἄνθρωπος	ἄνθρωπός
ἄντα	ἄντ̓
ἄντα	ἄντα
ἄορ	ἄορι
ἄπειρος	ἄπειρος
ἀπό	ἄπο
ἄποικος	ἄποικοι
ἄρα	ἄρ
ἄρα	ἄρά
ἀείρω	ἄρατε
ἄρουρα	ἄρουραν
ἄρσην	ἄρσεν
ἄρτος	ἄρτον
ἄρτος	ἄρτους
ἄρχω	ἄρχει
ἄρχω	ἄρχεσθαι
ἄρχων	ἄρχοντα
ἄστυ	ἄστεος
ἄτη	ἄτας
ἄτη	ἄτης
ἀφίημι	ἄφες
ἄφεσις	ἄφεσιν
ἀφίημι	ἄφετε
ἄχαρις	ἄχαρι
ἄρα	ἄῤ
ἅγιος	ἅγια
ἅγιος	ἅγιοι
ἅγιος	ἅγιον
ἅμα	ἅμ̓
ἅπας	ἅπαν
ἅπας	ἅπαντας
ἅπας	ἅπαντες
ἅπας	ἅπασαν
ἅπας	ἅπασι
ὅστις	ἅσσά
ὅστις	ἅτινά
ἆσσον	ἆσσον
ἆρα	ἆῤ
ᾍδης	Ἀΐδαο
Ἀθήνη	Ἀθήνη
Ἀθήνη	Ἀθηναίη
Ἀθήνη	Ἀθηναίην
Ἀθήναιος	Ἀθηναίοις
Ἀθηναῖος	Ἀθηναίοισι
Ἀθήνη	Ἀθηναίῃ
Ἄκανθος	Ἀκάνθου
Ἀκραγαντῖνος	Ἀκραγαντίνων
Ἀκραγαντῖνος	Ἀκραγαντῖνοι
Ἀλκμεωνίδης	Ἀλκμεωνίδαι
Ἀλκμεωνίδης	Ἀλκμεωνιδέων
Ἀμύντας	Ἀμύντης
Ἀρισταγόρης	Ἀρισταγόρῃ
Ἀρκάς	Ἀρκάδων
Ἀρκεσίλεως	Ἀρκεσίλεω
Ἀρταφρένης	Ἀρταφρένης
Ἀσία	Ἀσίαν
Ἀσία	Ἀσίᾳ
Ἀσσύριος	Ἀσσυρίοισι
Ἀστυάγης	Ἀστυάγεα
Ἀταρνεύς	Ἀταρνέος
Ἀτρείδης	Ἀτρεΐδαο
Ἀτρείδης	Ἀτρεΐδεω
Ἀτρείδης	Ἀτρεΐδῃ
Ἀφροδίτη	Ἀφροδίτην
Ἀφροδίτη	Ἀφροδίτης
Ἀχαΐα	Ἀχαιίης
Ἀχιλλεύς	Ἀχιλῆα
Ἀχιλλεύς	Ἀχιλῆος
Ἀχιλλεύς	Ἀχιλῆϊ
Ἄργος	Ἄργεος
Ἄργος	Ἄργεϊ
ᾍδης	Ἅιδου
εὔτροχος	ἐΰτροχον
βασιλεύω	ἐβασίλευσεν
γίγνομαι	ἐγίνετο
γίγνομαι	ἐγίνοντο
γίγνομαι	ἐγεγόνεε
ἐγχειρίδιον	ἐγχειρίδια
δέχομαι	ἐδέξατο
διδάσκω	ἐδίδασκεν
δίδωμι	ἐδίδοσαν
δίδωμι	ἐδίδου
διώκω	ἐδίωξαν
ἐδητύς	ἐδητύος
δύναμαι	ἐδύναντο
δύναμαι	ἐδύνατο
ἐθέλω	ἐθέλοντα
ἐθέλω	ἐθέλοντες
θεραπεύω	ἐθεράπευσεν
θεάομαι	ἐθηεῖτο
καλέω	ἐκάλεε
καλύπτω	ἐκάλυψε
ἐκβάλλω	ἐκβάλλει
ἐκβάλλω	ἐκβάλλειν
ἐκβάλλω	ἐκβάλῃ
ἐκβάλλω	ἐκβαλόντες
ἐκδέχομαι	ἐκδέκεται
ἐκδίκησις	ἐκδίκησιν
ἐκεῖνος	ἐκεῖνοί
ἐκεῖνος	ἐκεῖνός
ἐκκλησία	ἐκκλησίαι
ἐκκλησία	ἐκκλησίαις
ἐκκλησία	ἐκκλησίαν
ἐκκλησία	ἐκκλησίας
ἐκκλησία	ἐκκλησίᾳ
ἐκλείπω	ἐκλιπόντας
ἐκμανθάνω	ἐκμαθεῖν
ἐκπορεύομαι	ἐκπορεύεται
ἐκχέω	ἐκχυννόμενον
λαλέω	ἐλάλει
λαλέω	ἐλάλησα
λαλέω	ἐλάλησαν
λαλέω	ἐλάλησεν
λαλέω	ἐλάλουν
λαμβάνω	ἐλάμβανον
ἐλαύνω	ἐλάσας
ἐλάσσων	ἐλάσσω
ἐλάχιστος	ἐλάχιστον
ἐλεέω	ἐλέησόν
ἐλεημοσύνη	ἐλεημοσύνην
ἐλευθερία	ἐλευθερίας
ἐλευθερία	ἐλευθερίης
ἔρχομαι	ἐλθοῦσι
ἔρχομαι	ἐλθόντ̓
ἔρχομαι	ἐλθόντα
ἔρχομαι	ἐλθόντες
ἔρχομαι	ἐλθόντος
λογίζομαι	ἐλογίσθη
ἐλπίς	ἐλπίδα
ἐλπίς	ἐλπίδας
ἐλπίς	ἐλπίδι
ἐλπίς	ἐλπίδος
ἐλπίς	ἐλπίδων
ἐλπίζω	ἐλπίζων
ἐλπίζω	ἐλπίσας
ἐμβλέπω	ἐμβλέψας
ἐμός	ἐμοῖς
ἐγώ	ἐμοῦ
ἐμός	ἐμῇ
ἐμός	ἐμῶν
νικάω	ἐνίκων
ἐναντίος	ἐναντίοι
ἐνθάδε	ἐνθάδ̓
Ἐνοσίχθων	ἐνοσίχθων
ἐντέλλω	ἐντεταλμένα
ἐντολή	ἐντολάς
ἐνύπνιον	ἐνυπνίου
ἐνώπιον	ἐνώπιον
ἐνώπιον	ἐνώπιόν
ἐξέρχομαι	ἐξήλθατε
ἐξαίφνης	ἐξαίφνης
ἐξάγω	ἐξαγαγόντες
ἐξαναχωρέω	ἐξαναχωρέειν
ἐξαποστέλλω	ἐξαπέστειλαν
ἐξαποστέλλω	ἐξαπέστειλεν
ἐξέρχομαι	ἐξελθόντα
ἐξέρχομαι	ἐξελθόντες
ἐξεπίσταμαι	ἐξεπιστάμενοι
ἐξερέω	ἐξερέω
ἐξεργάζομαι	ἐξεργάσαντο
ἐξέρχομαι	ἐξερχόμενοι
ἔξειμι	ἐξιέναι
ἐξουσία	ἐξουσίαν
ἔοικα	ἐοικότες
εἰμί	ἐουσέων
εἰμί	ἐούσας
εἰμί	ἐούσης
εἰμί	ἐοῦσαι
εἰμί	ἐοῦσαν
εἰμί	ἐοῦσι
ἐπί	ἐπ̓
ἐφάλλομαι	ἐπάλμενος
ἐπάν	ἐπάν
ἐπιπίπτω	ἐπέπεσεν
ἐπισεύω	ἐπέσσυτο
ἐπίγνωσις	ἐπίγνωσιν
πιστεύω	ἐπίστευσαν
πιστεύω	ἐπίστευσεν
ἐπαίσσω	ἐπαΐξας
ἐπαίρω	ἐπαερθέντες
ἐπειδάν	ἐπεάν
ἐπεί	ἐπείτε
ἐπιθυμέω	ἐπεθύμησε
ἐπερωτάω	ἐπειρώτα
ἐπερωτάω	ἐπειρώτων
ἐπικρατέω	ἐπεκράτησαν
ἐπέρχομαι	ἐπελθούσης
ἐπιτιμέω	ἐπετίμησεν
ἐπερωτάω	ἐπηρώτα
ἐπερωτάω	ἐπηρώτησαν
ἐπερωτάω	ἐπηρώτησεν
ἐπερωτάω	ἐπηρώτων
ἐπιδίδωμι	ἐπιδώσει
ἐπιθυμία	ἐπιθυμίαις
ἐπιθυμία	ἐπιθυμίαν
ἐπιθυμία	ἐπιθυμίας
ἐπικρατής	ἐπικρατέως
ἐπιμιμνήσκομαι	ἐπιμνήσομαι
ἐπιστάτης	ἐπιστάτα
ἐπιστολή	ἐπιστολάς
ἐπιτελής	ἐπιτελέα
ἐπιχώριος	ἐπιχωρίους
ἐπιχώριος	ἐπιχωρίων
ἔπειμι	ἐπιόντα
πορεύομαι	ἐπορεύετο
πορεύομαι	ἐπορεύθη
πορεύομαι	ἐπορεύοντο
ἐποτρύνω	ἐποτρύνων
ἐπουράνιος	ἐπουρανίοις
πυνθάνομαι	ἐπυνθάνετο
ἐπωνυμία	ἐπωνυμίην
ἔρημος	ἐρήμῳ
ἔραμαι	ἐρασθείς
ἐργάζομαι	ἐργάζεται
ἐργάτης	ἐργάτας
ἐργάζομαι	ἐργαζόμενοι
λέγω	ἐροῦμεν
ἔρχομαι	ἐρχομένῳ
ἔρχομαι	ἐρχόμενον
σαλπίζω	ἐσάλπισεν
εἰσβάλλω	ἐσέβαλε
εἰσβολή	ἐσβολήν
εἰσδέχομαι	ἐσδέξασθαι
ἐσθίω	ἐσθίει
ἐσθίω	ἐσθίειν
ἐσθίω	ἐσθίετε
ἐσθίω	ἐσθίουσιν
ἐσθίω	ἐσθίων
εἰμί	ἐσμεν
εἰμί	ἐσομένην
εἰμί	ἐστ̓
σταυρόω	ἐσταυρώθη
σταυρόω	ἐσταύρωσαν
εἰμί	ἐστε
στρατεύω	ἐστράτευσεν
σχίζω	ἐσχίσθη
τυραννεύω	ἐτυράννευε
τυγχάνω	ἐτύγχανε
τυγχάνω	ἐτύγχανον
ἐπί	ἐφ̓
φανερόω	ἐφανερώθη
φροντίζω	ἐφρόντιζε
φυλάσσω	ἐφύλασσον
χάζω	ἐχάζετο
χαίρω	ἐχάρησαν
χορτάζω	ἐχορτάσθησαν
χράω	ἐχρέωντο
χρηστηριάζω	ἐχρηστηριάζετο
εἰκός	ἐϊκυῖα
εὔσελμος	ἐϋσσέλμους
εἰμί	ἐόντ̓
εἰμί	ἐόντα
εἰμί	ἐόντας
εἰμί	ἐόντες
εἰμί	ἐόντι
εἰμί	ἐόντος
εἰμί	ἐόντων
ἔθω	ἐώθασι
ἔθω	ἐώθεσαν
ἕ	ἑ
ἕ	ἑθεν
αἱρέω	ἑλόντες
ἑπτά	ἑπτά
ἑσπέρα	ἑσπέρην
ἑσπέρα	ἑσπέρης
ἵστημι	ἑσταότ̓
ἵστημι	ἑσταότες
ἵστημι	ἑστῶτα
ἵστημι	ἑστῶτας
ἑταῖρος	ἑτάροιο
ἑταῖρος	ἑτάροισι
ἑταῖρος	ἑτάροισιν
ἑταῖρος	ἑτάρων
ἑτοιμάζω	ἑτοιμάσατε
ἑαυτοῦ	ἑωυτούς
ἑαυτοῦ	ἑωυτοῖσι
ἑαυτοῦ	ἑωυτόν
ἑαυτοῦ	ἑωυτῆς
ἑαυτοῦ	ἑωυτῇ
ἑαυτοῦ	ἑωυτῶν
ἑαυτοῦ	ἑωυτῷ
βάλλω	ἔβαλ̓
ἔγχος	ἔγχει
ἐγώ	ἔγωγ̓
ἐγώ	ἔγωγε
δεῖ	ἔδεε
ἔτι	ἔθ̓
κλύω	ἔκλυε
λέγω	ἔλεγέ
ἐγώ	ἔμ̓
ἔμπροσθεν	ἔμπροσθέν
ἐν	ἔν
ἔνερθε	ἔνερθε
ἔνθα	ἔνθ̓
ἔνθα	ἔνθά
ἔντεα	ἔντἐ
ἔπειτα	ἔπειθ̓
ἔπειτα	ἔπειτ̓
πίπτω	ἔπεσ̓
πίπτω	ἔπεσαν
θείνω	ἔπεφνε
πλέω	ἔπλεε
ἔργον	ἔργ̓
ἔργον	ἔργοις
ἔργον	ἔργον
ἔργον	ἔργου
ἔργον	ἔργων
ἄρσην	ἔρσενος
ἔρχομαι	ἔρχεσθ̓
εἰς	ἔς
εἰμί	ἔσονταί
εἰμί	ἔσσεσθ̓
εἰμί	ἔστ̓
εἰμί	ἔστι
εἰμί	ἔστιν
εἰμί	ἔστω
ἔσω	ἔσω
ἔτι	ἔτ̓
τλάω	ἔτλη
φημί	ἔφαθ̓
φημί	ἔφατ̓
ἔχω	ἔχ̓
ἔχθιστος	ἔχθιστος
ἔχω	ἔχοντα
ἔχω	ἔχοντας
ἔχω	ἔχοντες
ἔχω	ἔχοντι
ἔχω	ἔχοντος
ἔχω	ἔχουσαι
ἔχω	ἔχουσαν
ἕ	ἕ
ἕ	ἕθεν
Ἕκτωρ	ἕκτωρ
ἕνεκα	ἕνεκ̓
ἕξ	ἕξ
ἕ	ἕο
ἕπομαι	ἕπεσθαι
ἕπομαι	ἕπεται
ἕπομαι	ἕσπετο
ἕως	ἕως
Ἐρέτρια	Ἐρετρίης
Ἐφέσιος	Ἐφεσίων
Ἑλλάς	Ἑλλάδα
Ἑλλάς	Ἑλλάδι
Ἑλλάς	Ἑλλάδος
Ἑλληνίς	Ἑλληνίδας
Ἕκτωρ	Ἕκτοῤ
Ἕλλην	Ἕλληνές
ἠέλιος	ἠέλιος
ἠύτε	ἠΰτε
ἠγερέθομαι	ἠγερέθοντο
ἠδέ	ἠδ̓
δύναμαι	ἠδύνατο
ἦθος	ἠθέων
ἀμείβω	ἠμείβετ̓
ἀναγκάζω	ἠνάγκασε
ἀναγκάζω	ἠναγκάσθησαν
ἔραμαι	ἠράσθη
ἡγεμονία	ἡγεμονίαν
ἡγεμονία	ἡγεμονίας
ἡγεμονία	ἡγεμονίης
ἡλικία	ἡλικίαν
ἡλικία	ἡλικίην
ἐγώ	ἡμίν
ἡνίκα	ἡνίκ̓
ἡσυχία	ἡσυχίαν
ἡσυχία	ἡσυχίην
εἶμι	ἤιε
ἔρχομαι	ἤλυθ̓
ἔρχομαι	ἤλυθον
ἀνοίγνυμι	ἤνοιξεν
ἔρχομαι	ἤρχοντο
ὅδε	ἥδ̓
ἥκω	ἥκω
ὅστε	ἥτ̓
ὅστε	ἥτε
ἤ	ἦε
ἀείρω	ἦραν
ἄρχω	ἦρχ̓
εἰμί	ἦς
εἰμί	ἦσθ̓
ἥσσων	ἧττον
Ἡλίας	Ἡλείαν
Ἡλίας	Ἡλείας
Ἡρακλείδης	Ἡρακλειδέων
Ἡρακλέης	Ἡρακλεῖ
Ἡράκλειος	Ἡρακληείη
Ἠσαΐας	Ἡσαΐου
Ἥρα	Ἥρης
ἰάχω	ἰάχων
ἰδέ	ἰδέ
ἴδιος	ἰδίαν
ἴδιος	ἰδίας
ἴδιος	ἰδίοις
ἴδιος	ἰδίου
ἴδιος	ἰδίους
ἴδιος	ἰδίων
ἴδιος	ἰδίᾳ
ἴδιος	ἰδίῳ
ἰδού	ἰδού
εὐθύς	ἰθέως
ἰθύς	ἰθύς
ἰσχύς	ἰσχύος
ἰχθύς	ἰχθύες
ἰχθύς	ἰχθύων
ἰχθύς	ἰχθῦς
Ἰωάν(ν)ης	ἰωάννης
εἶμι	ἰόντα
εἶμι	ἰόντες
ἰώ	ἰώ
ἵημι	ἱέμενοι
ἱδρύω	ἱδρυσάμενοι
ἱδρύω	ἱδρύσαντο
ἵημι	ἱεμένων
ἱερόν	ἱεροῦ
ἱερόν	ἱερόν
ἱερόν	ἱερῷ
ἱκάνω	ἱκάνει
ἱκέτης	ἱκέτην
ἱμάς	ἱμάντα
ἱμάτιον	ἱμάτια
ἱμάτιον	ἱματίου
ἱμάτιον	ἱματίων
ἰάχω	ἴαχε
ἰάχω	ἴαχον
εἶδον	ἴδ̓
ὁράω	ἴδητε
ἴδιος	ἴδια
ἴδιος	ἴδιον
ὁράω	ἴδωσιν
εἶμι	ἴθ̓
ἴσος	ἴσα
ἴσος	ἴσον
ἴσος	ἴσους
οἶδα	ἴστε
ἴσχω	ἴσχε
ἴσχω	ἴσχει
ἴσχω	ἴσχειν
ἵζω	ἵζοντο
ἱκνέομαι	ἵκετ̓
ἵμερος	ἵμερον
ἵνα	ἵν̓
ἵππος	ἵπποι
ἵππος	ἵπποις
ἵππος	ἵπποισι
ἵππος	ἵπποισιν
ἵππος	ἵππον
ἵππος	ἵππου
ἵππος	ἵππους
ἵππος	ἵππω
ἵππος	ἵππων
ἵστημι	ἵσταντο
ἵστημι	ἵστατο
Ἶρις	ἶριν
ἴσος	ἶσα
ἴσος	ἶσον
Ἰσκαριώθ	Ἰσκαριώτης
Ἰσραηλίτης	Ἰσραηλεῖται
Ἰωάν(ν)ης	Ἰωάννην
Ἰωάν(ν)ης	Ἰωάννης
Ἰωάν(ν)ης	Ἰωάννου
Ἰωνία	Ἰωνίην
Ἰωνία	Ἰωνίῃ
Ἱμεραῖος	Ἱμεραίων
Ἱπποκράτης	Ἱπποκράτεος
Ἴλιος	Ἴλιον
οἴομαι	ὀΐω
ὀλίγος	ὀλίγας
ὀλίγος	ὀλίγον
ὀλίγος	ὀλίγους
ὀλίγος	ὀλίγων
ὀλίγος	ὀλίγῳ
ὄλβιος	ὀλβιώτατον
ὀνομάζω	ὀνομαζομένην
ὄνομα	ὀνόματί
ὀξύς	ὀξύ
ὀξύς	ὀξύν
ὄρυγμα	ὀρύγματος
ὀτρύνω	ὀτρύνων
ὀφρύς	ὀφρύσι
ὄχος	ὀχέων
ὄψιος	ὀψίας
ὀιστός	ὀϊστόν
ὀιστός	ὀϊστός
ὁποῖος	ὁκοῖόν
ὁπότερος	ὁκότερα
ὁμοθυμαδόν	ὁμοθυμαδόν
ὁμολογία	ὁμολογίῃ
ὁμοῦ	ὁμοῦ
ὁμῶς	ὁμῶς
ὁπλίτης	ὁπλίτας
ὁπότε	ὁππότ̓
ὁπότε	ὁπότ̓
ὅριον	ὁρίων
ὁρμάω	ὁρμέατο
ὁρμάω	ὁρμηθέντες
ὁράω	ὁρῶντες
ὄνομα	ὄνομά
εἰμί	ὄντα
εἰμί	ὄντας
εἰμί	ὄντες
εἰμί	ὄντι
εἰμί	ὄντος
ὄρνυμι	ὄρνυτ̓
ὄφρα	ὄφρά
ὄφρα	ὄφῤ
ὄχα	ὄχ̓
ὄχος	ὄχεσφιν
ὄψις	ὄψιος
ὅδε	ὅδ̓
ὅπη	ὅκῃ
ὅρκιον	ὅρκια
ὅσος	ὅσ̓
ὅσος	ὅσσ̓
ὅσος	ὅσσα
ὅσος	ὅσσοι
ὅσος	ὅσσον
ὅτι	ὅτι
Ὀδυσσεύς	Ὀδυσῆα
Ὀιλεύς	Ὀϊλῆος
ὕδωρ	ὑδάτων
σύ	ὑμίν
ὑπό	ὑπ̓
ὑπάγω	ὑπάγει
ὑπάγω	ὑπάγειν
ὑπάγω	ὑπάγεις
ὑπάγω	ὑπάγετε
ὑπάρχω	ὑπάρχοντα
ὕπατος	ὑπάτους
ὑποστρέφω	ὑπέστρεψαν
ὑποστρέφω	ὑπέστρεψεν
ὑπαντάω	ὑπήντησεν
ὑποδείδω	ὑποδείσαντες
ὑποζύγιον	ὑποζύγια
ὑπολείπω	ὑπολειφθέντες
ὑποτάσσω	ὑποτάσσεται
ὑσμίνη	ὑσμίνας
ὑσμίνη	ὑσμίνην
ὑσμίνη	ὑσμίνῃ
ὑστεραῖος	ὑστεραίῃ
ὑπό	ὑφ̓
ὕψιστος	ὑψίστου
ὑψοῦ	ὑψοῦ
ὑψόσε	ὑψόσ̓
σύ	ὔμμ̓
ὕβρις	ὕβριν
ὕδωρ	ὕδατα
ὕδωρ	ὕδατι
ὕδωρ	ὕδατος
ὑπό	ὕπ̓
ὕπερθεν	ὕπερθε
ὕπνος	ὕπνον
ὕπνος	ὕπνου
ὕπνος	ὕπνῳ
ὑπό	ὕπο
ὕστερος	ὕστατον
Ὑστάσπης	Ὑστάσπεος
ὕπνος	Ὕπνος
ὠκύπους	ὠκύποδες
ὡς	ὡς
ὤμοι	ὤμοι
ὄμνυμι	ὤμοσεν
ἄριστος	ὤριστος
ὡς	ὥς
ὥστε	ὥστ̓
ὦ	ὦ
ὦκα	ὦκα
ὧδε	ὧδ̓
ὧδε	ὧδέ
ὅς	ὧνπερ
ὡς	ὧς
οἴχομαι	ᾤχετ̓
ἄρα	ῥά
ῥέα	ῥέα
ῥεῖθρον	ῥέεθρα
ῥέω	ῥέοντα
ῥέω	ῥέοντος
ῥίζα	ῥίζαν
ῥαββί	ῥαββεί
λέγω	ῥηθέν
ῥᾴδιος	ῥηϊδίως
ἐρύω	ῥύσεται
Ῥήγιον	Ῥηγίου
