ako	Ako
biti	Bilo
biti	Bio
budući	Budući
da	Da
i	I
ja	Ja
biti	Jeste
kao	Kao
mi	Mi
na	Na
nakon	Nakon
naš	Naš
naš	Naša
ne	Ne
neki	Neki
biti	Nije
biti	Nisam
ništa	Ništa
njegov	Njegove
o	O
on	On
ovaj	Ova
ovaj	Ovaj
ovaj	Ove
ovaj	Ovo
pre	Pre
prema	Prema
prije	Prije
sa	Sa
svaki	Svaki
sve	Sve
sav	Svi
taj	To
u	U
ukoliko	Ukoliko
unatoč	Unatoč
vi	Vi
za	Za
a	a
ako	ako
ali	ali
bar	bar
barem	barem
baš	baš
bez	bez
biti	bi
biti	bih
biti	bila
biti	bile
biti	bili
biti	bio
biti	bismo
biti	biste
biti	bit
biti	biti
biti	biće
biti	bude
biti	budu
budući	budući
da	da
dakle	dakle
diljem	diljem
do	do
dok	dok
dosta	dosta
dovoljno	dovoljno
duž	duž
evo	evo
on	ga
glede	glede
god	god
htjeti	hoće
i	i
iako	iako
oni	ih
ikakav	ikakvih
ili	ili
oni	im
ispod	ispod
ispred	ispred
itko	itko
iz	iz
iza	iza
između	između
iznad	iznad
izvan	izvan
išta	išta
ja	ja
biti	je
jer	jer
biti	jest
biti	jeste
biti	jesu
još	još
k	k
kad	kad
kada	kada
kakav	kakav
kako	kako
kakav	kakva
kakav	kakve
kakav	kakvih
kakav	kakvo
kakav	kakvoj
kakav	kakvom
kakav	kakvu
kao	kao
ko	ko
kod	kod
koji	koja
koji	koje
koji	kojeg
koji	kojega
koji	kojem
koji	kojemu
koji	koji
koji	kojih
koji	kojim
koji	kojima
koji	kojoj
koji	kojom
koji	koju
koliko	koliko
koji	kom
koncem	koncem
krajem	krajem
kroz	kroz
li	li
mada	mada
malo	malo
malo	manje
ja	me
ja	mene
ja	meni
među	među
mnogo	mnogo
moj	moj
moj	moja
moj	moje
moj	mojih
moj	mojoj
moj	moju
on	mu
na	na
nad	nad
naime	naime
mnogo	najviše
nakon	nakon
mi	nam
mi	nama
mi	nas
naš	naš
naš	naša
naš	naše
naš	našeg
naš	našem
naš	naši
naš	naših
naš	našim
naš	našoj
naš	našom
naš	našu
ne	ne
nego	nego
nekakav	nekakav
neki	neke
neki	neki
neki	nekih
neki	nekim
neki	nekima
neki	nekog
neki	nekoga
neki	nekoj
nekoliko	nekoliko
neki	nekom
neki	neku
netko	netko
htjeti	nećete
nešto	nečemu
nečiji	nečijeg
nešto	nešto
ni	ni
biti	nije
nikakav	nikakve
nikakav	nikakvih
nikakav	nikakvo
nikakav	nikakvu
niko	niko
biti	nisam
biti	nismo
biti	niste
biti	nisu
niti	niti
nitko	nitko
ništa	ništa
on	njega
njegov	njegov
njegov	njegova
njegov	njegove
njegov	njegovi
njegov	njegovih
njegov	njegovim
njegov	njegovo
njegov	njegovog
njegov	njegovoj
njegov	njegovom
njegov	njegovu
on	njemu
njen	njen
njen	njena
njen	njene
njen	njeni
njen	njenih
njen	njeno
njen	njenog
njen	njenom
njen	njenu
njezin	njezin
njezin	njezina
njezin	njezine
njezin	njezinih
njezin	njezinim
njezin	njezino
njezin	njezinom
njezin	njezinu
oni	njih
njihov	njihov
njihov	njihova
njihov	njihove
njihov	njihovi
njihov	njihovih
njihov	njihovim
njihov	njihovo
njihov	njihovog
njihov	njihovoj
njihov	njihovom
njihov	njihovu
on	njim
oni	njima
on	njime
on	nju
no	no
npr.	npr.
o	o
od	od
odsto	odsto
oko	oko
on	on
onaj	onaj
onaj	onih
onaj	onim
onaj	onima
onaj	onog
onaj	onoga
onaj	onoj
onaj	onom
onaj	onome
osim	osim
ovaj	ova
ovaj	ovaj
ovakav	ovakav
ovakav	ovakva
ovakav	ovakve
ovakav	ovakvih
ovakav	ovakvim
ovaj	ove
ovaj	ovi
ovaj	ovih
ovaj	ovim
ovaj	ovo
ovaj	ovog
ovaj	ovoga
ovaj	ovoj
ovaj	ovom
ovaj	ovome
ovaj	ovu
pa	pa
pak	pak
po	po
pod	pod
pokraj	pokraj
pola	pola
pomoću	pomoću
poput	poput
pored	pored
posle	posle
poslije	poslije
povodom	povodom
početkom	početkom
pošto	pošto
pre	pre
pred	pred
preko	preko
prema	prema
premda	premda
previše	previše
pri	pri
prije	prije
prilikom	prilikom
protiv	protiv
puno	puno
putem	putem
radi	radi
sa	s
sa	sa
biti	sam
sebe	se
sebe	sebe
sebe	sebi
biti	smo
sebe	sobom
sredinom	sredinom
biti	ste
biti	su
sav	sva
svaki	svaka
svaki	svake
svaki	svaki
svaki	svakog
svaki	svakoga
svaki	svakoj
svaki	svakom
svaki	svaku
svatko	svatko
sve	svega
sve	svemu
sav	svi
sav	svih
sav	svim
sav	svime
svoj	svog
svoj	svoga
svoj	svoj
svoj	svoja
svoj	svoje
svoj	svojeg
svoj	svojega
svoj	svojem
svoj	svojih
svoj	svojim
svoj	svojoj
svoj	svojom
svoj	svoju
svoj	svom
svoj	svome
taj	ta
taj	taj
takav	takav
tako	tako
takav	takva
takav	takve
takav	takvi
takav	takvih
takav	takvim
takav	takvo
takav	takvog
takav	takvu
tek	tek
taj	tih
tijekom	tijekom
taj	tim
taj	time
tj.	tj.
tko	tko
taj	to
taj	tog
taj	toga
taj	toj
tokom	tokom
toliko	toliko
taj	tom
taj	tome
taj	tomu
taj	tu
u	u
ukoliko	ukoliko
umesto	umesto
umjesto	umjesto
unatoč	unatoč
unutar	unutar
uoči	uoči
uprkos	uprkos
uslijed	uslijed
usprkos	usprkos
usred	usred
uz	uz
vi	vam
vi	vama
vi	vas
vaš	vaš
vaš	vaša
vaš	vaše
vaš	vašem
vaš	vašim
već	već
vi	vi
mnogo	više
za	za
zato	zato
zbog	zbog
htjeti	ćete
čak	čak
što	čega
što	čemu
čiji	čija
čiji	čije
čiji	čijem
čiji	čiji
čiji	čijim
čiji	čijoj
što	čime
što	Što
što	što
