अंतर्राष्ट्रीय	अंतर्राष्ट्रीय
अंदरूनी	अंदरूनी
अँधेरा	अंधेरे
अक्तूबर	अक्तूबर
अख्तर	अख्तर
अतः	अतः
अतिरिक्त	अतिरिक्त
अथवा	अथवा
अधिकतम	अधिकतम
अधिकतर	अधिकतर
अधिकारी	अधिकारी
अधीन	अधीन
अनुरूप	अनुरूप
अनेक	अनेक
अन्यथा	अन्यथा
अपना	अपना
अपराधी	अपराधी
अफ्रीका	अफ्रीका
अभिनेत्री	अभिनेत्री
अभी	अभी
अम्मा	अम्मा
अहसास	अहसास
आंकड़ा	आंकड़ा
आँधी	आंधी
आना	आएंगे
आचार	आचार
आतंकी	आतंकियों
आधुनिकतम	आधुनिकतम
आप	आपकी
आप	आपके
आरम्भ	आरंभ
आश्रित	आश्रितों
आसपास	आसपास
आसार	आसार
इंकार	इंकार
इंतजार	इंतजार
यह	इन
यह	इनकी
यह	इनके
यह	इनमें
यह	इनसे
यह	इन्हीं
यह	इन्हें
इराक	इराक
इराक	इराक़
यह	इसकी
यह	इसके
यह	इसमें
यह	इसी
इसीलिए	इसीलिए
इस्तीफा	इस्तीफे
उछाल	उछाल
उठाना	उठाए
उठाना	उठाएंगे
उड़ाना	उड़ा
वह	उनकी
वह	उनके
वह	उनको
वह	उनमें
वह	उनसे
वह	उन्हीं
उपद्रवी	उपद्रवियों
उमर	उमर
उर्फ	उर्फ
उलट	उलट
वह	उसकी
वह	उसके
वह	उसने
वह	उसमें
वह	उसी
वह	उसे
उस्मान	उस्मान
ऊंचाई	ऊंचाई
एकड	एकड़
एजेंडा	एजेंडे
एजेंसी	एजेंसियां
एयरलाइन	एयरलाइंस
एवं	एवं
एवज	एवज
ऐलान	ऐलान
कंपनी	कंपनियां
कपडा	कपड़ा
कपडा	कपड़ों
कब्जा	कब्जे
कभी	कभी
करना	करनी
कराना	कराएगी
करोड	करोड़
कस्बा	कस्बे
कहाँ	कहां
कहीं	कहीं
करीब	क़रीब
कीमत	क़ीमत
का	का
काजी	काजी
कादियान	कादियान
काफी	काफ़ी
कालेज	कालेज
किमी	किमी
किलो	किलो
कुमार	कुमार
कुर्सी	कुर्सी
केंद्रीय	केन्द्रीय
कैदी	कैदियों
कैसे	कैसे
कॉलेज	कॉलेज
कॉलेज	कॉलेजों
कोफी	कोफी
कोलकाता	कोलकाता
कोष	कोष
कोसी	कोसी
कोहरा	कोहरे
खतरनाक	खतरनाक
खरीद	खरीद
खरीदारी	खरीदारी
खिलाफ	ख़िलाफ़
खातिर	खातिर
खामी	खामियों
खाली	खाली
खिँचाई	खिंचाई
खिलाडी	खिलाड़ियों
खिलाफ	खिलाफ
खिलाफ	खिलाफ़
खींचना	खींच
खुद	खुद
खुशी	खुशी
खूब	खूब
खेती	खेती
खेमा	खेमे
ख्याल	ख्याल
जाना	गए
गठित	गठित
गडबडी	गड़बड़ी
गढवाल	गढ़वाल
जाना	गये
गरम	गरम
गरीब	गरीब
गरीब	गरीबों
गलती	गलती
गिरफ्तार	गिरफ़्तार
गुट	गुटों
गुड़गांव	गुड़गांव
गुना	गुना
गेँदबाजी	गेंदबाजी
गोद	गोद
गोली	गोलियां
घटना	घटनाएं
घायल	घायलों
चलते	चलते
चलाना	चलाई
चलाना	चलाए
चांदी	चांदी
चाहिए	चाहिए
चूंकि	चूंकि
चैनल	चैनलों
चोरी	चोरी
छात्र	छात्र
छुट्टी	छुट्टी
जख्मी	जख्मी
जताना	जताई
जन	जन
जनता	जनता
जन्म	जन्म
जबकि	जबकि
जब्त	जब्त
जरिये	जरिए
जरिये	जरिये
जरूरतमंद	जरूरतमंदों
जलाना	जला
जवाहर	जवाहर
जहाँ	जहां
जहांगीर	जहांगीर
ज़रिए	ज़रिए
जरूरत	ज़रूरत
जरूरी	ज़रूरी
जाँच	जाँच
जांच	जांच
जाना	जाए
जाना	जाएँ
जाना	जाएं
जाना	जाएंगी
जाना	जाएंगे
जाना	जाएगी
जानकारी	जानकारियां
जाना	जाना
जाना	जानी
जिंदगी	जिंदगी
जिक्र	जिक्र
जिद	जिद
जो	जिनकी
जो	जिनके
जो	जिनमें
जो	जिनसे
जिम्मेदारी	जिम्मेदारियों
जो	जिसकी
जो	जिसके
जो	जिसमें
जी	जी
जुटना	जुट
जूझना	जूझ
ज्यादा	ज्यादा
टूटना	टूट
टेलीविजन	टेलीविजन
ठप	ठप
डल	डल
डालना	डाल
डिजाइनर	डिजाइनरों
डॉ	डॉ
तकरीबन	तकरीबन
तकनीक	तक़नीक
तत्काल	तत्काल
तथा	तथा
तबका	तबके
तब्दील	तब्दील
तभी	तभी
तरफ	तरफ़
तले	तले
ताकत	ताकत
ताकत	ताकतों
तीन	तीनों
त्याग	त्याग
था	था
था	थी
था	थीं
था	थे
दफ्तर	दफ्तर
दरवाजा	दरवाजे
दर्जन	दर्जनों
दस्तखत	दस्तखत
दस्तावेज	दस्तावेज
दस्तावेज	दस्तावेजों
दायरा	दायरे
देना	दिए
दिखाना	दिखाई
दिखाना	दिखाए
देना	दिये
दिलाना	दिलाई
दुख	दुख
दो	दो
दो	दोनों
दोहराना	दोहराई
दौरान	दौरान
द्रविड	द्रविड़
धरती	धरती
धारक	धारकों
धीरे	धीरे
धुआँ	धुआं
धोनी	धोनी
न	न
नकल	नकल
नकली	नकली
नक्सली	नक्सलियों
नगमा	नगमा
नजदीक	नजदीक
नजदीक	नज़दीक
नमाज	नमाज
नाते	नाते
नारो	नारो
नासा	नासा
निकलना	निकल
निभाना	निभाई
निरन्तर	निरंतर
नीचे	नीचे
पकडना	पकड़ने
पकडना	पकड़ा
पकडना	पकड़े
पटरी	पटरी
परिणामस्वरूप	परिणामस्वरूप
परीक्षार्थी	परीक्षार्थियों
पलवल	पलवल
पश्चात	पश्चात
पहले	पहले
पहुँचना	पहुँचे
पहुंचना	पहुंचकर
पहुंचना	पहुंचने
पहुंचाना	पहुंचाया
पहुंचना	पहुंची
पहुंचना	पहुंचे
पहुंचना	पहुंचेंगे
पहुंचना	पहुंचेगी
पांच	पांच
पांच	पांचों
पाना	पाई
पाना	पाए
पाना	पाएंगे
पाना	पाएगा
पाक	पाक
पानी	पानी
पायलेट	पायलेटों
पाना	पाये
पाल	पाल
पिता	पिता
पीछे	पीछे
पीपुल	पीपुल्स
पूजा	पूजा
पूरा	पूरी
पोत	पोत
पौंड	पौंड
प्रत्याशी	प्रत्याशियों
प्रत्येक	प्रत्येक
फँसना	फंस
फँसना	फंसे
फरार	फरार
फाइल	फाइल
फाइल	फाइलें
फाइल	फाइलों
फिर	फिर
फिलहाल	फिलहाल
फौरन	फौरन
बंगलोर	बंगलोर
बंटवारा	बंटवारे
बकौल	बकौल
बगदाद	बगदाद
बगैर	बगैर
बच्चा	बच्चा
बजाए	बजाए
बताना	बताई
बताना	बताए
बदले	बदले
बनना	बन
बनाना	बनाएंगे
बब्बर	बब्बर
बल्लेबाज	बल्लेबाजों
बस	बस
बसाना	बसाने
बहरहाल	बहरहाल
बारे	बारे
बावजूद	बावजूद
बिन	बिन
बुलाना	बुलाई
बुलाना	बुलाए
बोली	बोली
ब्योरा	ब्योरा
भर	भर
भांति	भांति
भारी	भारी
भेजना	भेजे
मंजिल	मंजिल
मकबरा	मकबरे
मजदूर	मजदूर
मजदूर	मजदूरों
मद्देनजर	मद्देनजर
मलिक	मलिक
मसला	मसला
मसौदा	मसौदा
महज	महज
महत्व	महत्व
महत्वपूर्ण	महत्वपूर्ण
महिला	महिलाएं
मांग	मांग
मांगना	मांगा
मांगना	मांगी
मात्र	मात्र
मामा	मामा
मित्र	मित्र
मियाँ	मियां
मिलना	मिलनी
मुकदमा	मुकदमे
मुताबिक	मुताबिक
मुताबिक	मुताबिक़
मुफ्त	मुफ्त
मुफ्ती	मुफ्ती
मूल	मूल
मैं	मेरा
मैं	मेरी
मैं	मेरे
मोरचा	मोरचा
मोहम्मद	मोहम्मद
यद्यपि	यद्यपि
यहाँ	यहाँ
यहाँ	यहां
यानि	यानि
युवक	युवक
यूँ	यूं
योजना	योजनाएं
रकम	रक़म
रांची	रांची
राइफल	राइफल
राइफल	राइफल्स
राबड़ी	राबड़ी
रिकार्ड	रिकार्ड
रेलगाड़ी	रेलगाड़ियां
रोल	रोल
लगभग	लगभग
लगाना	लगाई
लगाना	लगाए
लड़की	लड़कियां
लद्दाख	लद्दाख
लश्कर	लश्कर
लिए	लिए
लिहाजा	लिहाजा
लूट	लूट
लेकर	लेकर
व	व
वजन	वजन
वह	वह
वहाँ	वहां
वह	वही
वामदल	वामदलों
वायदा	वायदा
वायदा	वायदे
वाला	वाली
वाला	वाले
वाला	वालों
वास्ते	वास्ते
विचार	विचार
विद्युत	विद्युत
विरुद्ध	विरुद्ध
विस्फोट	विस्फ़ोट
वीजा	वीजा
वह	वे
वह	वो
वोट	वोटों
शान्ति	शांति
शुरूआत	शुरूआत
शेख	शेख
शेयर	शेयरों
शोध	शोध
श्रृंखला	श्रृंखला
सकना	सकता
सकना	सकते
सब	सबके
सब	सबसे
समक्ष	समक्ष
समस्या	समस्याएं
सह	सह
सहित	सहित
सही	सही
साँस	सांस
साफ	साफ़
सामने	सामने
साल	साल
साल	सालों
साहब	साहब
सिद्धान्त	सिद्धांत
सिफारिश	सिफारिशों
सिर्फ	सिर्फ
सीमा	सीमाएं
सुन्दर	सुंदर
सुधार	सुधार
सुनाना	सुनाई
सुरक्षाकर्मी	सुरक्षाकर्मियों
सुर्खी	सुर्खियों
सुविधा	सुविधाएं
सूचना	सूचनाएं
सूमो	सूमो
सेवा	सेवाएं
सैलानी	सैलानियों
स्थाई	स्थाई
स्वतन्त्रता	स्वतंत्रता
स्वयं	स्वयं
स्वयंसेवक	स्वयंसेवकों
स्वीकार	स्वीकार
हक	हक
हजार	हजार
हजार	हजारों
हटाना	हटाए
हफ्ता	हफ्ते
हम	हमसे
हम	हमारी
हम	हमारे
हलफनामा	हलफनामे
हवा	हवाएं
हालांकि	हालांकि
हीरो	हीरो
है	हूं
है	है
है	हैँ
है	हैं
