az	Az
ez	Ez
azaz	azaz
azonban	azonban
de	de
e	e
ez	ebben
ez	ebből
együtt	együtt
ellenére	ellenére
ezelőtt	ezelőtt
ezért	ezért
felé	felé
hanem	hanem
hiszen	hiszen
hogy	hogy
illetve	illetve
is	is
jóllehet	jóllehet
következtében	következtében
közé	közé
majd	majd
meg	meg
mert	mert
merthogy	merthogy
milyen	milyen
mint	mint
miután	miután
mivel	mivel
másik	másik
mégis	mégis
múlva	múlva
nemcsak	nemcsak
pedig	pedig
rajta	rajta
révén	révén
sem	sem
szemben	szemben
szintén	szintén
számára	számára
sőt	sőt
tehát	tehát
túl	túl
ugyan	ugyan
ugyancsak	ugyancsak
ugyanis	ugyanis
vagy	vagy
valamint	valamint
vele	vele
viszont	viszont
van	voltak
ám	ám
át	át
és	és
óta	óta
