135a	135a
1970-tall	1970-tallet
1990-tall	1990-tallet
70-tall	70-tallet
A.	A.
AS	AS
AaFK-trener	AaFK-trener
AaFK	AaFKs
Aftenposten	Aftenposten
Aker	Aker
Akvariet	Akvariet
Andreassen	Andreassen
Arena	Arena
Arild	Arild
Arne	Arne
at	At
B.	B.
Berge	Berge
Bjørn	Bjørn
Blindleia	Blindleia
Bush	Bush
Butler	Butler
Bæra	Bæra
Bønna	Bønna
City	City
da	Da
Dag	Dag
Dagbladet	Dagbladet
Dagsavisen	Dagsavisen
Dale	Dale
de	De
Demokratene	Demokratene
den	Den
denne	Denne
dersom	Dersom
den	Det
dette	Dette
du	Du
EA	EA
EU	EUs
en	En
Enhedslisten	Enhedslisten
være	Er
en	Et
etter	Etter
Europa	Europas
Eva	Eva
FN	FNs
Fashanu	Fashanus
Finansdepartementet	Finansdepartementet
Flukt	Flukt
Folkeparti	Folkeparti
for	For
Forum	Forum
Frp.	Fr.p.
Frp.	Fr.p.s
fra	Fra
Fram	Fram
Fredriksen	Fredriksen
Gaddafi	Gaddafis
Geir	Geir
Gran	Gran
Grand	Grand
Gro	Gro
Grunnloven	Grunnloven
Grunnloven	Grunnlovens
Gud	Gud
Gud	Guds
Haakon	Haakon
ha	Hadde
Hagen	Hagen
Hagen	Hagens
han	Han
Hannah	Hannahs
ha	Har
Hein	Hein
Helge	Helge
Helsedirektoratet	Helsedirektoratet
Hoff	Hoff
hun	Hun
hva	Hva
hvem	Hvem
hvis	Hvis
Høyre	Høyre
i	I
I.	I.
II	II
ikke	Ikke
ingen	Ingen
Israel	Israels
jeg	Jeg
Jens	Jens
Justin	Justins
Justisdepartementet	Justisdepartementet
kunne	Kan
Klassekampen	Klassekampen
Kleppestø	Kleppestø
Koks	Koks
Kongen	Kongen
Kongo	Kongo
Konkurransetilsynet	Konkurransetilsynet
Koss	Koss
Kreftregisteret	Kreftregisteret
Kulturrådet	Kulturrådet
Kyte	Kyte
LO-leder	LO-leder
Landmine	Landmine
Lee	Lee
Liv	Liv
M.	M.
Magne	Magne
man	Man
med	Med
men	Men
Miljøverndepartementet	Miljøverndepartementet
Miss	Miss
min	Mitt
Morten	Morten
Naturkraft	Naturkraft
Nav	Navs
Nett	Nett
Nevrohjemmet	Nevrohjemmet
noen	Noen
Norske	Norske
når	Når
Næringsliv	Næringsliv
Obama	Obamas
Odd	Odd
og	Og
Ole	Ole
Operaen	Operaen
Oslo	Oslos
PST	PST
PST	PSTs
Poppe	Poppe
Post	Post
Pyramiden	Pyramiden
på	På
Raja	Raja
Rally	Rally
Regjeringen	Regjeringen
Regjeringen	Regjeringens
Riksantikvaren	Riksantikvaren
Rikshospitalet	Rikshospitalet
Roma	Romas
Romney	Romneys
Rosenborg	Rosenborg
Rune	Rune
Ruter	Ruter
Rødt	Rødt
SAAB	SAAB
Sagene	Sagene
San	San
Sanner	Sanner
Senatet	Senatet
Senter	Senter
Senterpartiet	Senterpartiet
Shipping	Shipping
Sirte	Sirte
Siv	Siv
skulle	Skal
Skaregata	Skaregata
Slottet	Slottet
som	Som
Speed	Speed
Spektrum	Spektrum
St.	St.
Stein	Stein
Stenshagen	Stenshagen
Stig	Stig
Strømmen	Strømmen
Sunde	Sunde
Super	Super
Svea	Svea
Svein	Svein
Sydneshaugen	Sydneshaugen
så	Så
Sør	Sør
Teigen	Teigen
The	The
til	Til
Tobben	Tobben
Tom	Tom
Tore	Tore
Traavik	Traaviks
USA	USAs
Universitetet	Universitetet
Utenriksdepartementet	Utenriksdepartementet
Utøya	Utøya
være	Var
Venstre	Venstre
Vesten	Vestens
vi	Vi
Viking	Viking
ville	Vil
Volvo	Volvo
Vålerenga	Vålerenga
vår	Vår
vår	Våre
W.	W.
WHO	WHOs
Wangensteen	Wangensteen
XV	XV
all	alles
an	an
Anders	anders
annen	andres
anse	ansett
argument	argumenter
Barack	barack
barn	barnas
barn	barns
begynne	begynner
beholde	beholder
betale	betaler
bil	biler
bok	bokens
bo	bor
bortse	bortsett
bruke	bruker
bruke	brukt
bygge	bygger
bære	bærer
bok	bøker
Bønna	bønna
Børge	børge
ca.	ca
Carl	carl
Cathrine	cathrine
CNN	cnn
dag	dagens
danse	danser
dansk	danske
debatt	debatter
den	det
den	dets
din	di
den	dét
være	e
egen	egne
Ekern	ekern
Elise	elise
en	ens
en	et
én	ett
eventuell	eventuelt
f	f
far	fars
Fashanu	fashanu
finne	finner
fireårskrav	fireårskravet
flyktning-	flyktning-
FN	fn
FN	fns
folk	folkets
folk	folks
fortelle	forteller
fortsatt	fortsatt
få	får
føre	fører
Gangnam	gangnam
gi	gir
gi	gitt
gjøre	gjør
god	godt
Hamas	hamas
ha	hatt
hel	helt
hånd	hendene
Herta	herta
hete	het
hjelpe	hjelper
holde	holder
hus	huset
indre	innerst
Jan	jan
jf.	jf
jord	jorda
Justin	justin
kgl.	kgl
kirke	kirkens
kirke	kirkes
kjempe	kjemper
kjøpe	kjøper
knapp	knapt
krig	krigens
kristen	kristne
lage	lager
land	landet
land	landets
land	lands
legge	legger
leve	lever
liv	livs
le	lo
løp	løpet
Martin	martin
meget	meget
Mendelsohn	mendelsohn
liten	mindre
modell	modeller
mor	morens
natt	natta
NBC	nbc
nevne	nevner
nr.	nr
ny	nytt
Obama	obama
omfattende	omfattende
opptelle	opptalt
parti	partiets
pave	pavens
penge	penger
Peter	peter
plan	planer
pris	priser
program	programmer
protest	protester
PS	ps
pågående	pågående
reform	reformer
res.	res
rom	rommet
Romney	romney
rødgrønn	rødgrønne
rørende	rørende
Samarbeidsregjeringen	samarbeidsregjeringen
seg	seg
se	sett
Shabana	shabana
sin	si
Sidney	sidney
sin	sitt
skrive	skrevet
slå	slått
spennende	spennende
Staveland	staveland
stolt	stolte
Stortinget	stortinget
studium	studier
tekst	tekster
the	the
Thorbjørn	thorbjørn
tide	tide
tid	tids
tiltalt	tiltalte
topp	topps
tørre	tør
unntatt	unntatt
USA	usa
utfordrende	utfordrende
være	var
vare	varte
verden	verdens
via	via
vill	vilt
vise	vist
å	Å
åpne	åpner
år	årene
år	årets
år	års
åtte	åtte
Øystein	øystein
