li	'li
lik	'lik
li	'lü
1	1'de
1	1'den
1	1'e
1/2	1/2'den
1/4	1/4'e
2	2'den
2	2'ye
3	3'ten
3/4	3/4'e
4	4'ten
5	5'te
5	5'ten
6	6'dan
7	7'de
7	7'den
8	8'de
8	8'den
9	9'da
9	9'dan
9	9'luk
a.	A.
a.b.d	A.B.D
a.b.d.	A.B.D.
A.Ş	A.Ş
abc	ABC
abd	ABD'de
abd	ABD'deki
aıds	AIDS
achenbaum	Achenbaum
Adana	Adana
air	Air'de
air	Air'in
airlines	Airlines'in
alan	Alan
amerika	Amerika'ya
angeles	Angeles'e
angeles	Angeles'te
angeles	Angeles'ten
Ankara	Ankara
aralık	Aralık'ta
associates	Associates
Atila	Atila
atlanta	Atlanta'da
atlanta	Atlanta'dan
atlanta	Atlanta'ya
australia	Australia
Avşar	Avşar
Ayla	Ayla
ağustos	Ağustos'ta
ağustos	Ağustos'taki
baker	Baker
baltimore	Baltimore
baltimore	Baltimore'den
baltimore	Baltimore'ye
beach	Beach
beach	Beach'a
beach	Beach'ten
big	Big
board	Board
boren	Boren
boston	Boston'a
boston	Boston'daki
boston	Boston'dan
brooks	Brooks
burbank	Burbank'e
burbank	Burbank'ten
bir	BİR
c.	C.
CBS	CBS
ceo	CEO'su
california	California'dan
california	California'ya
campeau	Campeau
carolina	Carolina'ya
carpenter	Carpenter
central	Central
charlotte	Charlotte'den
charlotte	Charlotte'ye
chicago	Chicago'da
chicago	Chicago'dan
chicago	Chicago'ya
cincinnati	Cincinnati
cincinnati	Cincinnati'den
cincinnati	Cincinnati'ye
citicorp	Citicorp'un
city	City'den
city	City'e
cleveland	Cleveland'a
cleveland	Cleveland'dan
co.	Co.'nun
columbus	Columbus
columbus	Columbus'a
columbus	Columbus'tan
Computer	Computer
corp	Corp
corp	Corp'un
Corp.'a	Corp.'a
county	County'a
county	County'den
cumhuriyetçi	Cumhuriyetçi
cumhuriyetçi	Cumhuriyetçiler
D	D
dc	DC'de
dc	DC'den
dc	DC'ye
dallas	Dallas'a
dallas	Dallas'ta
dallas	Dallas'tan
dc	Dc'den
delta	Delta
Demiray	Demiray
denver	Denver
denver	Denver'de
denver	Denver'den
denver	Denver'e
detroit	Detroit'e
detroit	Detroit'ten
diego	Diego
diego	Diego'dan
diego	Diego'ya
dinkins	Dinkins
dolarlık	Dolarlık
dozen	Dozen
drexel	Drexel
drexel	Drexel'in
e.	E.
eastern	Eastern'in
Ecevit	Ecevit
edward	Edward
ekim	Ekim'de
Electric	Electric
emeklilik	Emeklilik
engelken	Engelken
Erbakan	Erbakan
Erdoğan	Erdoğan
Ermeni	Ermeni
ets	Ets
evans	Evans
express	Express
express	Express'in
eylül	Eylül'de
faiz	FAİZ
field	Field'a
field	Field'den
florida	Florida'dan
florida	Florida'ya
ford	Ford'un
fort	Fort
francisco	Francisco'daki
francisco	Francisco'dan
francisco	Francisco'ya
frankfurt	Frankfurt'ta
franklin	Franklin
freddie	Freddie
GE	GE
gm	GM'nin
Gaziantep	Gaziantep
georgia	Georgia
group	Group'un
guardia	Guardia'dan
guber	Guber
hud	HUD
hanover	Hanover
havayol	Havayolları
hazine	Hazine'nin
haziran	Haziran'da
HERKESE	Herkese
houston	Houston'dan
hutton	Hutton
ıbm	IBM
ıbm	IBM'in
ırs	IRS
ınc	Inc
ındianapolis	Indianapolis
ındianapolis	Indianapolis'e
ındianapolis	Indianapolis'ten
ınternational	International
ınternational	International'a
Irak	Irak'ta
j.	J.
jaguar	Jaguar'ın
japonya	Japonya'daki
japonya	Japonya'nın
jersey	Jersey'den
jose	Jose'den
jose	Jose'ye
journal	Journal'ın
Jr.	Jr.
kredi	KREDİ
kaliforniya	Kaliforniya'da
kanadalı	Kanadalı
kansas	Kansas
kasım	Kasım'a
katana	Katana
kidder	Kidder
kidder	Kidder'in
kompozit	Kompozit
kong	Kong'daki
kong	Kong'un
ki	Kİ
Kıbrıs	Kıbrıs
Kıraç	Kıraç
l.	L.
LDP	LDP
LYNCH	LYNCH
lang	Lang
Las	Las
lawson	Lawson
lawson	Lawson'un
lehman	Lehman
long	Long
louis	Louis'e
louis	Louis'te
louis	Louis'ten
Lynch	Lynch
m.	M.
mac	Mac
mac	Mac'in
mae	Mae
Mahmut	Mahmut
manville	Manville
marcos	Marcos
mart	Mart'ta
massachusetts	Massachusetts
mayıs	Mayıs'ta
meksika	Meksika'nın
memphis	Memphis
memphis	Memphis'e
memphis	Memphis'ten
merksamer	Merksamer
miami	Miami'den
miami	Miami'ye
miller	Miller
milwaukee	Milwaukee'den
milwaukee	Milwaukee'ye
minneapolis	Minneapolis
minneapolis	Minneapolis'e
minneapolis	Minneapolis'ten
Mirkelâm	Mirkelam
mitchell	Mitchell
mixte	Mixte
montreal	Montreal
montreal	Montreal'a
montreal	Montreal'dan
Morishita	Morishita
Mr.	Mr.
NY	NY
nashville	Nashville'den
nashville	Nashville'ye
newark	Newark
newark	Newark'a
newark	Newark'tan
noriega	Noriega
noriega	Noriega'nın
Nusret	Nusret
oran	ORANI
oakland	Oakland
oakland	Oakland'a
oakland	Oakland'dan
ohio	Ohio
oil	Oil
o	Onların
orlando	Orlando'dan
orlando	Orlando'ya
painewebber	PaineWebber
paribas	Paribas
partners	Partners
paul	Paul'a
paul	Paul'dan
peters	Peters
petersburg	Petersburg'a
petersburg	Petersburg'dan
Petroleum	Petroleum
philadelphia	Philadelphia'da
philadelphia	Philadelphia'dan
philadelphia	Philadelphia'ya
phillips	Phillips
phoenix	Phoenix
phoenix	Phoenix'den
phoenix	Phoenix'e
pilson	Pilson
pittsburgh	Pittsburgh'a
pittsburgh	Pittsburgh'ta
pittsburgh	Pittsburgh'tan
power	Power
r.	R.
Ramiz	Ramiz
Recep	Recep
Rockefeller	Rockefeller
saatchi	Saatchi
Saffet	Saffet
seattle	Seattle'den
seattle	Seattle'ye
Senem	Senem
sen	Seni
service	Service
Sezginler	Sezginler
shearson	Shearson
Sinan	Sinan
Sony	Sony
Systems	Systems
TRT	TRT
tacoma	Tacoma'ya
tampa	Tampa'dan
tampa	Tampa'ya
Tayyip	Tayyip
Telephone	Telephone
temmuz	Temmuz'da
texas	Texas
thatcher	Thatcher
Thompson	Thompson
tokyo	Tokyo'da
tokyo	Tokyo'daki
toronto	Toronto'dan
toronto	Toronto'ya
Trabzonspor	Trabzonspor
twa	Twa
ual	UAL
us	USA
usx	USX
Ulusu	Ulusu
vegas	Vegas'a
vegas	Vegas'tan
w.	W.
wall	Wall
warner	Warner
washington	Washington
washington	Washington'a
washington	Washington'dan
william	William
wilson	Wilson
worth	Worth'e
worth	Worth'te
worth	Worth'ten
YTL	YTL
yen	Yen'den
yen	Yen'e
york	York'a
york	York'taki
york	York'tan
Yılmaz	Yılmaz
y	acaktı
acenta	acentamıza
adlandır	adlandırdı
aktarma	aktarma
aktarmalı	aktarmalı
alacaklı	alacaklılara
alakalı	alakalı
alakalı	alakalıydı
alkolsüz	alkolsüz
alıcı	alıcıları
al	alındı
al	alınmıştı
al	alınıyor
alışılmadık	alışılmadık
Amex	amex
analizci	analizciler
anlayışlı	anlayışlı
artış	artışa
artış	artışlarına
artış	artışın
artış	artışına
arı	arının
arıtma	arıtma
atan	atandı
aynalı	aynalı
ayrıl	ayrıldık
ayrıl	ayrıldığı
ayrıl	ayrılmış
ayrıl	ayrılıp
azalt	azalttı
azılı	azılı
ağırlıklı	ağırlıklı
B.A.T	b.a.t
bak	baksana
bakıcı	bakıcı
bakımlı	bakımlı
bankacı	bankacılar
bas	basa
bağımlılık	bağımlılık
başarılı	başarılıydı
belirsizlik	belirsizlik
belirt	belirtmek
bir	bi
birleşmiş	birleşmiş
birçokları	birçokları
bir	bi̇r
borsacı	borsacılara
bul	bulun
burbank	burbank'ten
bütünlük	bütünlüğü
büyüklük	büyüklük
büyüme	büyümenin
ce	ca
CBS	cbs
cincinnati	cincinnati'den
cins	cinsi
coşkulu	coşkulu
cumhuriyetçi	cumhuriyetçiler
Daffynisyon	daffynisyon
dahil	dahilinde
dalgalanma	dalgalanması
dalgalı	dalgalıydı
delta	delta'nın
deminki	deminki
demirli	demirli
deneyimli	deneyimli
dengeli	dengeli
denver	denver'deki
denver	denver'e
derecelendir	derecelendirme
detaylı	detaylı
devamlı	devamlı
deve	deve
devir	devri
değerlendir	değerlendiririm
değersiz	değersiz
değil	değildi
değil	değildik
değil	değildim
değil	değilse
değil	değilsin
değişiklik	değişiklik
değişiklik	değişiklikler
değişiklik	değişiklikleri
değişiklik	değişikliklerin
değişiklik	değişikliği
y	di
y	dim
dinle	dinler
dolaylı	dolaylı
dolaysız	dolaysız
doldur	dolduracağım
doldur	doldurdum
dolma	dolma
dost	dostum
doğruluk	doğruluğunu
y	du
y	duk
y	dum
durgunluk	durgunluk
duygulu	duygulu
dönüştür	dönüştürülebilir
dördü	dördü
dörtlük	dörtlüktü
dükkân	dükkânı
dükkân	dükkânın
düğme	düğmesine
düğme	düğmesini
düşüş	düşüşe
düşüş	düşüşler
düşüş	düşüşünü
y	dık
y	dım
y	ecekti
i	edir
eksiklik	eksiklik
eksiklik	eksiklikler
eksiklik	eksikliği
eksiksiz	eksiksiz
emeklilik	emeklilik
i	erdeydin
es	esen
etkinlik	etkinlik
eğlenceli	eğlenceli
eş	eşim
eşlik	eşlik
eşlik	eşliğinde
eşsiz	eşsiz
farklılık	farklılık
faydalı	faydalı
fikir	fikri
fiyatlandır	fiyatlandırıldı
geliştirici	geliştiriciler
geliştirme	geliştirme
gerçekleş	gerçekleşecek
gerçekleş	gerçekleşen
gerçekleş	gerçekleşir
gerçekleş	gerçekleşiyor
gerçekleş	gerçekleşti
gerçeklik	gerçeklik
gez	gezer
git	giderdi
görevli	görevlileri
görevli	görevlisi
gör	görmez
görünüş	görünüşe
görünüş	görünüşü
gösterişli	gösterişli
gözlemci	gözlemcileri
güleryüzlü	güleryüzlü
güleryüzlü	güleryüzlüler
güleryüzlü	güleryüzlülerdi
güleryüzlü	güleryüzlüydü
güleryüzlü	güleryüzlüydüler
güzellik	güzellik
güzellik	güzelliği
güzellik	güzelliğine
haf	haftaki
haket	hakediyor
haket	haketmiyor
harcama	harcamalar
havayol	havayolu
hepsi	hepsi
hepsi	hepsinden
hepsi	hepsine
hikâye	hikâyeler
huzurlu	huzurlu
hâl	hâlde
hâl	hâlden
hâl	hâle
hâlihazırda	hâlihazırda
hükûmet	hükûmeti
hızlıca	hızlıca
ıbm	ibm
ci	ici
ihtimal	ihtimali
ilgisiz	ilgisiz
ilgisiz	ilgisizdi
ilgisiz	ilgisizlerdi
ille	ille
i	im
imkân	imkânı
ındianapolis	indianapolis'ten
insanlık	insanlık
insanlık	insanlığa
insanlık	insanlığın
insanoğlu	insanoğlu
ıntel	intel
ınternational	international
ipucu	ipucu
ırs	irs
iyilik	iyilik
iyilik	iyiliğini
için	içindir
işlet	işletiyor
işletme	işletmeleri
işletme	işletmesi
idare	i̇dare
ihtiyar	i̇htiyar
ihtiyar	i̇htiyarın
ihtiyaç	i̇htiyaç
iki	i̇ki
iki	i̇kimiz
ikinci	i̇kincisi
iki	i̇kisi
ilaç	i̇laç
ileride	i̇leride
ilgi	i̇lgi
ilgilen	i̇lgilendi
ilgilen	i̇lgilendiler
ilgilen	i̇lgilenmiyorum
ilgili	i̇lgili
ilgi	i̇lgisi
ilk	i̇lk
ince	i̇nce
İngiltere	i̇ngiltere'de
insan	i̇nsan
insan	i̇nsanlar
insan	i̇nsanları
insan	i̇nsanların
insan	i̇nsanın
inşaat	i̇nşaat
ipotek	i̇poteğe
iskonto	i̇skonto
ismail	i̇smail
iste	i̇stediğini
istek	i̇steklerimizi
iste	i̇stersen
iyi	i̇yi
iyi	i̇yiydi
içecek	i̇çecekler
içeri	i̇çeri
içeri	i̇çeride
içeri	i̇çeriye
iç	i̇çi
içki	i̇çki
iş	i̇şe
iş	i̇şi
iş	i̇şin
işlemci	i̇şlemciler
iş	i̇şler
işletme	i̇şletme
işçi	i̇şçiler
kaliteli	kaliteli
kaliteli	kaliteliydi
kalitesiz	kalitesiz
kalitesiz	kalitesizdi
kalkış	kalkış
kalkış	kalkışlı
kapan	kapandı
kapan	kapandıktan
kapıcı	kapıcı
kararsız	kararsızım
karayol	karayolu
karşılaştır	karşılaştırılabilir
karşılaştır	karşılaştırıldığında
karşılıksız	karşılıksız
katıl	katılamayacağım
katıl	katılmadık
katıl	katılmadım
katıl	katılmak
katılımcı	katılımcıların
kaçta	kaçta
y	ken
kesinlik	kesinlik
ki	kilerin
kiralama	kiralama
kirli	kirliydi
kısa	kisa
konforlu	konforlu
konforlu	konforluydu
koş	koşar
kusursuz	kusursuzdu
kuşkusuz	kuşkusuz
kâhya	kâhyası
kâr	kârı
kâğıt	kâğıda
kâğıt	kâğıdı
kâğıt	kâğıtları
ki	kü
kırıcı	kırıcı
kırıklık	kırıklığına
kısaltma	kısaltması
kısıtlama	kısıtlamalar
kısıtlama	kısıtlamaları
kısıtlama	kısıtlaması
kısıtlı	kısıtlı
Las	las
lezzetli	lezzetli
lezzetli	lezzetliydi
liralık	liralık
lokasyon	lokasyonu
li	lu
li	lü
li	lı
lik	lık
manzaralı	manzaralı
masal	masalı
MCA	mca
MCO	mco
mesafeli	mesafeli
Midwest	midwest
mimarlık	mimarlık
y	miş
molalı	molalı
mi	mu
mi	musun
mi	musunuz
mutluluk	mutluluk
mutluluk	mutluluğun
mi	muydu
mi	muyuz
y	muş
mi	mü
mühendislik	mühendislik
mi	mı
mi	mıdır
mi	mısın
mi	mısınız
mi	mıydı
mi	mıymış
mi	mıyım
mi	mıyız
nashville	nashville'den
nazarında	nazarında
nemli	nemli
nere	neresinde
nevi	nevi
newark	newark'tan
nezdinde	nezdinde
Northwest	northwest
NY	ny
oakland	oakland'da
oakland	oakland'dan
oku	okuyan
olanaksız	olanaksız
olanca	olanca
olasılık	olasılığı
olasılık	olasılığını
olağandışı	olağandışı
omuz	omzuna
on	onar
o	onlarda
o	onlardan
o	onların
Ontario	ontario
oyuncu	oyuncular
Pacific	pacific
pahalı	pahalı
pahalı	pahalıydı
paslı	paslı
phoenix	phoenix'den
pittsburgh	pittsburgh'tan
politikacı	politikacılar
puanla	puanlarım
Qintex	qintex
rahatlık	rahatlığıyla
rahatsız	rahatsızdı
Ramiz	ramiz
rüzgâr	rüzgârı
sabahki	sabahki
Saime	saime
y	sak
y	sam
sanayici	sanayicileri
y	sanız
sap	saplı
satış	satış
satış	satışlar
satış	satışlara
satış	satışlarda
satış	satışlardan
satış	satışların
satış	satışlarını
satış	satışın
satış	satışını
satış	satışının
sağlıklı	sağlıklı
SCI	sci
sene	senede
sene	senelik
y	seniz
sigortacı	sigortacı
sigortacı	sigortacılar
sorumluluk	sorumluluk
sorumluluk	sorumluluğu
sorumluluk	sorumluluğunu
sorunlu	sorunlu
stok	stoğu
su	sudan
suçlama	suçlamalar
süzül	süzüldü
tacoma	tacoma'dan
tat	tadıma
tampa	tampa'dan
tanıklık	tanıklık
tarafsız	tarafsız
tartışma	tartışmaların
tasarruflu	tasarruflu
taşlık	taşlıktı
taşlı	taşlıydı
taşın	taşındı
tedbirli	tedbirli
temizlik	temizlik
temizlik	temizlikte
temizlik	temizlikten
temizlik	temizliği
temizlik	temizliğinden
terlik	terliklerini
tezgâh	tezgâhın
y	ti
y	tim
time	time
y	tü
tüketici	tüketici
tüketici	tüketiciler
tüketici	tüketicilerin
y	tı
y	tım
uzan	uzanır
uçuş	uçuşa
uçuş	uçuşla
uçuş	uçuşta
uçuş	uçuşu
uçuş	uçuşun
uçuş	uçuşunda
uçuş	uçuşunu
uçuş	uçuşunuz
uğursuz	uğursuz
vadesiz	vadesi̇z
varlıklı	varlıklı
Westchester	westchester
yararlan	yararlandım
yararlan	yararlanmadım
yarı	yarı
yarın	yarın
yarın	yarından
yatırımcı	yatırımcı
yatırımcı	yatırımcılar
yatırımcı	yatırımcıları
yatırımcı	yatırımcıların
yatırımcı	yatırımcının
yağlı	yağlı
y	ydü
ye	yediler
yenilen	yenilenen
yenilik	yenilik
yersiz	yersiz
yeşillik	yeşillik
yoksulluk	yoksulluk
yollu	yollu
yorgunluk	yorgunluk
yüz	yüzer
ci	yıcı
yıldızlı	yıldızlı
zamanlama	zamanlama
zararlı	zararlı
zayıflık	zayıflık
zekâ	zekâsı
zorun	zorundadır
Özer	Özer
ce	ça
çat	çatır
ce	çe
çeşitlilik	çeşitlilik
çeşitlilik	çeşitliliği
çeşitli	çeşitliydi
çocuklu	çocuklu
çıkagel	çıkageldi
çıkış	çıkışta
öncü	öncü
öteki	ötekini
Özer	özer
ücretli	ücretliydi
üret	üretiyor
üret	üretmektedir
üste	üstesinden
üstünlük	üstünlük
üyelik	üyelik
üyelik	üyeliğini
üzeri	üzerindeydi
idare	İdaresi
iki	İki
iletişim	İletişim
ilişki	İlişkiler
ilk	İlk
imparatorluk	İmparatorluğu'nun
insan	İnsan
iyi	İyi
için	İÇİN
iş	İş
ci	ıcı
i	ım
ısın	ısınsın
şubat	Şubat'ta
şanslı	şanslı
şiddetle	şiddetle
şunca	şunca
